tavola,territorio,anno,sesso,modalita,codice_modalita,valore
rischio_criminalita,017029,2022,total,all items,ALL,95820.0
rischio_criminalita,017029,2022,total,all items,ALL,95820.0
rischio_criminalita,017029,2022,total,all items,ALL,95820.0
rischio_criminalita,017029,2022,total,all items,ALL,51578.7
rischio_criminalita,017029,2022,total,all items,ALL,51578.7
rischio_criminalita,017029,2022,total,all items,ALL,21983.1
rischio_criminalita,017029,2022,total,all items,ALL,21983.1
rischio_criminalita,017029,2022,total,all items,ALL,19173.7
rischio_criminalita,017029,2022,total,all items,ALL,19173.7
rischio_criminalita,017029,2022,total,all items,ALL,3084.5
rischio_criminalita,017029,2022,total,all items,ALL,3084.5
rischio_criminalita,017029,2022,total,a little,CR_LITTLE,51578.7
rischio_criminalita,017029,2022,total,not at all,CR_NATALL,21983.1
rischio_criminalita,017029,2022,total,quite a bit,CR_QUITE_BIT,19173.7
rischio_criminalita,017029,2022,total,very much,CR_V_MUCH,3084.5
rischio_criminalita,017029,2023,total,all items,ALL,96609.0
rischio_criminalita,017029,2023,total,all items,ALL,96609.0
rischio_criminalita,017029,2023,total,all items,ALL,96609.0
rischio_criminalita,017029,2023,total,all items,ALL,52344.6
rischio_criminalita,017029,2023,total,all items,ALL,52344.6
rischio_criminalita,017029,2023,total,all items,ALL,18946.0
rischio_criminalita,017029,2023,total,all items,ALL,18946.0
rischio_criminalita,017029,2023,total,all items,ALL,21470.4
rischio_criminalita,017029,2023,total,all items,ALL,21470.4
rischio_criminalita,017029,2023,total,all items,ALL,3848.0
rischio_criminalita,017029,2023,total,all items,ALL,3848.0
rischio_criminalita,017029,2023,total,a little,CR_LITTLE,52344.6
rischio_criminalita,017029,2023,total,not at all,CR_NATALL,18946.0
rischio_criminalita,017029,2023,total,quite a bit,CR_QUITE_BIT,21470.4
rischio_criminalita,017029,2023,total,very much,CR_V_MUCH,3848.0
rischio_criminalita,017029,2024,total,all items,ALL,97803.0
rischio_criminalita,017029,2024,total,all items,ALL,97803.0
rischio_criminalita,017029,2024,total,all items,ALL,97803.0
rischio_criminalita,017029,2024,total,all items,ALL,50952.7
rischio_criminalita,017029,2024,total,all items,ALL,50952.7
rischio_criminalita,017029,2024,total,all items,ALL,19172.5
rischio_criminalita,017029,2024,total,all items,ALL,19172.5
rischio_criminalita,017029,2024,total,all items,ALL,22725.0
rischio_criminalita,017029,2024,total,all items,ALL,22725.0
rischio_criminalita,017029,2024,total,all items,ALL,4952.7
rischio_criminalita,017029,2024,total,all items,ALL,4952.7
rischio_criminalita,017029,2024,total,a little,CR_LITTLE,50952.7
rischio_criminalita,017029,2024,total,not at all,CR_NATALL,19172.5
rischio_criminalita,017029,2024,total,quite a bit,CR_QUITE_BIT,22725.0
rischio_criminalita,017029,2024,total,very much,CR_V_MUCH,4952.7
rischio_criminalita,ITC47,2022,total,all items,ALL,549363.0
rischio_criminalita,ITC47,2022,total,all items,ALL,549363.0
rischio_criminalita,ITC47,2022,total,all items,ALL,549363.0
rischio_criminalita,ITC47,2022,total,all items,ALL,281052.4
rischio_criminalita,ITC47,2022,total,all items,ALL,281052.4
rischio_criminalita,ITC47,2022,total,all items,ALL,181164.2
rischio_criminalita,ITC47,2022,total,all items,ALL,181164.2
rischio_criminalita,ITC47,2022,total,all items,ALL,76613.5
rischio_criminalita,ITC47,2022,total,all items,ALL,76613.5
rischio_criminalita,ITC47,2022,total,all items,ALL,10532.9
rischio_criminalita,ITC47,2022,total,all items,ALL,10532.9
rischio_criminalita,ITC47,2022,total,a little,CR_LITTLE,281052.4
rischio_criminalita,ITC47,2022,total,not at all,CR_NATALL,181164.2
rischio_criminalita,ITC47,2022,total,quite a bit,CR_QUITE_BIT,76613.5
rischio_criminalita,ITC47,2022,total,very much,CR_V_MUCH,10532.9
rischio_criminalita,ITC47,2023,total,all items,ALL,553261.0
rischio_criminalita,ITC47,2023,total,all items,ALL,553261.0
rischio_criminalita,ITC47,2023,total,all items,ALL,553261.0
rischio_criminalita,ITC47,2023,total,all items,ALL,279369.1
rischio_criminalita,ITC47,2023,total,all items,ALL,279369.1
rischio_criminalita,ITC47,2023,total,all items,ALL,181841.0
rischio_criminalita,ITC47,2023,total,all items,ALL,181841.0
rischio_criminalita,ITC47,2023,total,all items,ALL,79670.8
rischio_criminalita,ITC47,2023,total,all items,ALL,79670.8
rischio_criminalita,ITC47,2023,total,all items,ALL,12380.0
rischio_criminalita,ITC47,2023,total,all items,ALL,12380.0
rischio_criminalita,ITC47,2023,total,a little,CR_LITTLE,279369.1
rischio_criminalita,ITC47,2023,total,not at all,CR_NATALL,181841.0
rischio_criminalita,ITC47,2023,total,quite a bit,CR_QUITE_BIT,79670.8
rischio_criminalita,ITC47,2023,total,very much,CR_V_MUCH,12380.0
rischio_criminalita,ITC47,2024,total,all items,ALL,557184.0
rischio_criminalita,ITC47,2024,total,all items,ALL,557184.0
rischio_criminalita,ITC47,2024,total,all items,ALL,557184.0
rischio_criminalita,ITC47,2024,total,all items,ALL,287136.1
rischio_criminalita,ITC47,2024,total,all items,ALL,287136.1
rischio_criminalita,ITC47,2024,total,all items,ALL,166071.4
rischio_criminalita,ITC47,2024,total,all items,ALL,166071.4
rischio_criminalita,ITC47,2024,total,all items,ALL,89769.4
rischio_criminalita,ITC47,2024,total,all items,ALL,89769.4
rischio_criminalita,ITC47,2024,total,all items,ALL,14207.0
rischio_criminalita,ITC47,2024,total,all items,ALL,14207.0
rischio_criminalita,ITC47,2024,total,a little,CR_LITTLE,287136.1
rischio_criminalita,ITC47,2024,total,not at all,CR_NATALL,166071.4
rischio_criminalita,ITC47,2024,total,quite a bit,CR_QUITE_BIT,89769.4
rischio_criminalita,ITC47,2024,total,very much,CR_V_MUCH,14207.0
sicurezza_al_buio,017029,2022,females,all items,ALL,91350.0
sicurezza_al_buio,017029,2022,females,all items,ALL,91350.0
sicurezza_al_buio,017029,2022,females,all items,ALL,91350.0
sicurezza_al_buio,017029,2022,females,all items,ALL,433.8
sicurezza_al_buio,017029,2022,females,all items,ALL,433.8
sicurezza_al_buio,017029,2022,females,all items,ALL,9187.0
sicurezza_al_buio,017029,2022,females,all items,ALL,9187.0
sicurezza_al_buio,017029,2022,females,all items,ALL,20654.3
sicurezza_al_buio,017029,2022,females,all items,ALL,20654.3
sicurezza_al_buio,017029,2022,females,all items,ALL,8274.3
sicurezza_al_buio,017029,2022,females,all items,ALL,8274.3
sicurezza_al_buio,017029,2022,females,all items,ALL,5628.0
sicurezza_al_buio,017029,2022,females,all items,ALL,5628.0
sicurezza_al_buio,017029,2022,females,all items,ALL,8700.7
sicurezza_al_buio,017029,2022,females,all items,ALL,8700.7
sicurezza_al_buio,017029,2022,females,all items,ALL,38471.9
sicurezza_al_buio,017029,2022,females,all items,ALL,38471.9
sicurezza_al_buio,017029,2022,males,all items,ALL,83182.0
sicurezza_al_buio,017029,2022,males,all items,ALL,83182.0
sicurezza_al_buio,017029,2022,males,all items,ALL,83182.0
sicurezza_al_buio,017029,2022,males,all items,ALL,595.5
sicurezza_al_buio,017029,2022,males,all items,ALL,595.5
sicurezza_al_buio,017029,2022,males,all items,ALL,20617.3
sicurezza_al_buio,017029,2022,males,all items,ALL,20617.3
sicurezza_al_buio,017029,2022,males,all items,ALL,9754.2
sicurezza_al_buio,017029,2022,males,all items,ALL,9754.2
sicurezza_al_buio,017029,2022,males,all items,ALL,3570.1
sicurezza_al_buio,017029,2022,males,all items,ALL,3570.1
sicurezza_al_buio,017029,2022,males,all items,ALL,2865.9
sicurezza_al_buio,017029,2022,males,all items,ALL,2865.9
sicurezza_al_buio,017029,2022,males,all items,ALL,1735.4
sicurezza_al_buio,017029,2022,males,all items,ALL,1735.4
sicurezza_al_buio,017029,2022,males,all items,ALL,44043.6
sicurezza_al_buio,017029,2022,males,all items,ALL,44043.6
sicurezza_al_buio,017029,2022,total,all items,ALL,174532.0
sicurezza_al_buio,017029,2022,total,all items,ALL,174532.0
sicurezza_al_buio,017029,2022,total,all items,ALL,174532.0
sicurezza_al_buio,017029,2022,total,all items,ALL,1029.3
sicurezza_al_buio,017029,2022,total,all items,ALL,1029.3
sicurezza_al_buio,017029,2022,total,all items,ALL,29804.3
sicurezza_al_buio,017029,2022,total,all items,ALL,29804.3
sicurezza_al_buio,017029,2022,total,all items,ALL,30408.5
sicurezza_al_buio,017029,2022,total,all items,ALL,30408.5
sicurezza_al_buio,017029,2022,total,all items,ALL,11844.4
sicurezza_al_buio,017029,2022,total,all items,ALL,11844.4
sicurezza_al_buio,017029,2022,total,all items,ALL,8493.9
sicurezza_al_buio,017029,2022,total,all items,ALL,8493.9
sicurezza_al_buio,017029,2022,total,all items,ALL,10436.1
sicurezza_al_buio,017029,2022,total,all items,ALL,10436.1
sicurezza_al_buio,017029,2022,total,all items,ALL,82515.6
sicurezza_al_buio,017029,2022,total,all items,ALL,82515.6
sicurezza_al_buio,017029,2022,females,no answer,NO_ANSWER,433.8
sicurezza_al_buio,017029,2022,males,no answer,NO_ANSWER,595.5
sicurezza_al_buio,017029,2022,total,no answer,NO_ANSWER,1029.3
sicurezza_al_buio,017029,2022,females,I feel completely safe,SI_COMP_SAFE,9187.0
sicurezza_al_buio,017029,2022,males,I feel completely safe,SI_COMP_SAFE,20617.3
sicurezza_al_buio,017029,2022,total,I feel completely safe,SI_COMP_SAFE,29804.3
sicurezza_al_buio,017029,2022,females,I feel little safe,SI_LITTLE_SAFE,20654.3
sicurezza_al_buio,017029,2022,males,I feel little safe,SI_LITTLE_SAFE,9754.2
sicurezza_al_buio,017029,2022,total,I feel little safe,SI_LITTLE_SAFE,30408.5
sicurezza_al_buio,017029,2022,females,I don’t feel safe at all,SI_NATALL_SAFE,8274.3
sicurezza_al_buio,017029,2022,males,I don’t feel safe at all,SI_NATALL_SAFE,3570.1
sicurezza_al_buio,017029,2022,total,I don’t feel safe at all,SI_NATALL_SAFE,11844.4
sicurezza_al_buio,017029,2022,females,I never go out,SI_NEVER_GO,5628.0
sicurezza_al_buio,017029,2022,males,I never go out,SI_NEVER_GO,2865.9
sicurezza_al_buio,017029,2022,total,I never go out,SI_NEVER_GO,8493.9
sicurezza_al_buio,017029,2022,females,I never go out alone,SI_NEVER_GO_AL,8700.7
sicurezza_al_buio,017029,2022,males,I never go out alone,SI_NEVER_GO_AL,1735.4
sicurezza_al_buio,017029,2022,total,I never go out alone,SI_NEVER_GO_AL,10436.1
sicurezza_al_buio,017029,2022,females,I feel quite safe,SI_QUITE_SAFE,38471.9
sicurezza_al_buio,017029,2022,males,I feel quite safe,SI_QUITE_SAFE,44043.6
sicurezza_al_buio,017029,2022,total,I feel quite safe,SI_QUITE_SAFE,82515.6
sicurezza_al_buio,017029,2023,females,all items,ALL,91672.0
sicurezza_al_buio,017029,2023,females,all items,ALL,91672.0
sicurezza_al_buio,017029,2023,females,all items,ALL,91672.0
sicurezza_al_buio,017029,2023,females,all items,ALL,168.7
sicurezza_al_buio,017029,2023,females,all items,ALL,168.7
sicurezza_al_buio,017029,2023,females,all items,ALL,7277.6
sicurezza_al_buio,017029,2023,females,all items,ALL,7277.6
sicurezza_al_buio,017029,2023,females,all items,ALL,24120.2
sicurezza_al_buio,017029,2023,females,all items,ALL,24120.2
sicurezza_al_buio,017029,2023,females,all items,ALL,10642.4
sicurezza_al_buio,017029,2023,females,all items,ALL,10642.4
sicurezza_al_buio,017029,2023,females,all items,ALL,5964.3
sicurezza_al_buio,017029,2023,females,all items,ALL,5964.3
sicurezza_al_buio,017029,2023,females,all items,ALL,8163.5
sicurezza_al_buio,017029,2023,females,all items,ALL,8163.5
sicurezza_al_buio,017029,2023,females,all items,ALL,35335.3
sicurezza_al_buio,017029,2023,females,all items,ALL,35335.3
sicurezza_al_buio,017029,2023,males,all items,ALL,84077.0
sicurezza_al_buio,017029,2023,males,all items,ALL,84077.0
sicurezza_al_buio,017029,2023,males,all items,ALL,84077.0
sicurezza_al_buio,017029,2023,males,all items,ALL,75.6
sicurezza_al_buio,017029,2023,males,all items,ALL,75.6
sicurezza_al_buio,017029,2023,males,all items,ALL,16312.0
sicurezza_al_buio,017029,2023,males,all items,ALL,16312.0
sicurezza_al_buio,017029,2023,males,all items,ALL,14145.0
sicurezza_al_buio,017029,2023,males,all items,ALL,14145.0
sicurezza_al_buio,017029,2023,males,all items,ALL,4470.6
sicurezza_al_buio,017029,2023,males,all items,ALL,4470.6
sicurezza_al_buio,017029,2023,males,all items,ALL,2364.4
sicurezza_al_buio,017029,2023,males,all items,ALL,2364.4
sicurezza_al_buio,017029,2023,males,all items,ALL,1973.6
sicurezza_al_buio,017029,2023,males,all items,ALL,1973.6
sicurezza_al_buio,017029,2023,males,all items,ALL,44735.9
sicurezza_al_buio,017029,2023,males,all items,ALL,44735.9
sicurezza_al_buio,017029,2023,total,all items,ALL,175749.0
sicurezza_al_buio,017029,2023,total,all items,ALL,175749.0
sicurezza_al_buio,017029,2023,total,all items,ALL,175749.0
sicurezza_al_buio,017029,2023,total,all items,ALL,244.3
sicurezza_al_buio,017029,2023,total,all items,ALL,244.3
sicurezza_al_buio,017029,2023,total,all items,ALL,23589.6
sicurezza_al_buio,017029,2023,total,all items,ALL,23589.6
sicurezza_al_buio,017029,2023,total,all items,ALL,38265.2
sicurezza_al_buio,017029,2023,total,all items,ALL,38265.2
sicurezza_al_buio,017029,2023,total,all items,ALL,15113.0
sicurezza_al_buio,017029,2023,total,all items,ALL,15113.0
sicurezza_al_buio,017029,2023,total,all items,ALL,8328.6
sicurezza_al_buio,017029,2023,total,all items,ALL,8328.6
sicurezza_al_buio,017029,2023,total,all items,ALL,10137.1
sicurezza_al_buio,017029,2023,total,all items,ALL,10137.1
sicurezza_al_buio,017029,2023,total,all items,ALL,80071.2
sicurezza_al_buio,017029,2023,total,all items,ALL,80071.2
sicurezza_al_buio,017029,2023,females,no answer,NO_ANSWER,168.7
sicurezza_al_buio,017029,2023,males,no answer,NO_ANSWER,75.6
sicurezza_al_buio,017029,2023,total,no answer,NO_ANSWER,244.3
sicurezza_al_buio,017029,2023,females,I feel completely safe,SI_COMP_SAFE,7277.6
sicurezza_al_buio,017029,2023,males,I feel completely safe,SI_COMP_SAFE,16312.0
sicurezza_al_buio,017029,2023,total,I feel completely safe,SI_COMP_SAFE,23589.6
sicurezza_al_buio,017029,2023,females,I feel little safe,SI_LITTLE_SAFE,24120.2
sicurezza_al_buio,017029,2023,males,I feel little safe,SI_LITTLE_SAFE,14145.0
sicurezza_al_buio,017029,2023,total,I feel little safe,SI_LITTLE_SAFE,38265.2
sicurezza_al_buio,017029,2023,females,I don’t feel safe at all,SI_NATALL_SAFE,10642.4
sicurezza_al_buio,017029,2023,males,I don’t feel safe at all,SI_NATALL_SAFE,4470.6
sicurezza_al_buio,017029,2023,total,I don’t feel safe at all,SI_NATALL_SAFE,15113.0
sicurezza_al_buio,017029,2023,females,I never go out,SI_NEVER_GO,5964.3
sicurezza_al_buio,017029,2023,males,I never go out,SI_NEVER_GO,2364.4
sicurezza_al_buio,017029,2023,total,I never go out,SI_NEVER_GO,8328.6
sicurezza_al_buio,017029,2023,females,I never go out alone,SI_NEVER_GO_AL,8163.5
sicurezza_al_buio,017029,2023,males,I never go out alone,SI_NEVER_GO_AL,1973.6
sicurezza_al_buio,017029,2023,total,I never go out alone,SI_NEVER_GO_AL,10137.1
sicurezza_al_buio,017029,2023,females,I feel quite safe,SI_QUITE_SAFE,35335.3
sicurezza_al_buio,017029,2023,males,I feel quite safe,SI_QUITE_SAFE,44735.9
sicurezza_al_buio,017029,2023,total,I feel quite safe,SI_QUITE_SAFE,80071.2
sicurezza_al_buio,017029,2024,females,all items,ALL,92420.0
sicurezza_al_buio,017029,2024,females,all items,ALL,92420.0
sicurezza_al_buio,017029,2024,females,all items,ALL,92420.0
sicurezza_al_buio,017029,2024,females,all items,ALL,539.0
sicurezza_al_buio,017029,2024,females,all items,ALL,539.0
sicurezza_al_buio,017029,2024,females,all items,ALL,6901.1
sicurezza_al_buio,017029,2024,females,all items,ALL,6901.1
sicurezza_al_buio,017029,2024,females,all items,ALL,25135.4
sicurezza_al_buio,017029,2024,females,all items,ALL,25135.4
sicurezza_al_buio,017029,2024,females,all items,ALL,12820.0
sicurezza_al_buio,017029,2024,females,all items,ALL,12820.0
sicurezza_al_buio,017029,2024,females,all items,ALL,4910.2
sicurezza_al_buio,017029,2024,females,all items,ALL,4910.2
sicurezza_al_buio,017029,2024,females,all items,ALL,7456.2
sicurezza_al_buio,017029,2024,females,all items,ALL,7456.2
sicurezza_al_buio,017029,2024,females,all items,ALL,34658.3
sicurezza_al_buio,017029,2024,females,all items,ALL,34658.3
sicurezza_al_buio,017029,2024,males,all items,ALL,85303.0
sicurezza_al_buio,017029,2024,males,all items,ALL,85303.0
sicurezza_al_buio,017029,2024,males,all items,ALL,85303.0
sicurezza_al_buio,017029,2024,males,all items,ALL,270.8
sicurezza_al_buio,017029,2024,males,all items,ALL,270.8
sicurezza_al_buio,017029,2024,males,all items,ALL,16253.7
sicurezza_al_buio,017029,2024,males,all items,ALL,16253.7
sicurezza_al_buio,017029,2024,males,all items,ALL,14630.6
sicurezza_al_buio,017029,2024,males,all items,ALL,14630.6
sicurezza_al_buio,017029,2024,males,all items,ALL,6232.6
sicurezza_al_buio,017029,2024,males,all items,ALL,6232.6
sicurezza_al_buio,017029,2024,males,all items,ALL,2101.5
sicurezza_al_buio,017029,2024,males,all items,ALL,2101.5
sicurezza_al_buio,017029,2024,males,all items,ALL,1849.2
sicurezza_al_buio,017029,2024,males,all items,ALL,1849.2
sicurezza_al_buio,017029,2024,males,all items,ALL,43964.6
sicurezza_al_buio,017029,2024,males,all items,ALL,43964.6
sicurezza_al_buio,017029,2024,total,all items,ALL,177723.0
sicurezza_al_buio,017029,2024,total,all items,ALL,177723.0
sicurezza_al_buio,017029,2024,total,all items,ALL,177723.0
sicurezza_al_buio,017029,2024,total,all items,ALL,809.8
sicurezza_al_buio,017029,2024,total,all items,ALL,809.8
sicurezza_al_buio,017029,2024,total,all items,ALL,23154.8
sicurezza_al_buio,017029,2024,total,all items,ALL,23154.8
sicurezza_al_buio,017029,2024,total,all items,ALL,39765.9
sicurezza_al_buio,017029,2024,total,all items,ALL,39765.9
sicurezza_al_buio,017029,2024,total,all items,ALL,19052.6
sicurezza_al_buio,017029,2024,total,all items,ALL,19052.6
sicurezza_al_buio,017029,2024,total,all items,ALL,7011.7
sicurezza_al_buio,017029,2024,total,all items,ALL,7011.7
sicurezza_al_buio,017029,2024,total,all items,ALL,9305.4
sicurezza_al_buio,017029,2024,total,all items,ALL,9305.4
sicurezza_al_buio,017029,2024,total,all items,ALL,78622.9
sicurezza_al_buio,017029,2024,total,all items,ALL,78622.9
sicurezza_al_buio,017029,2024,females,no answer,NO_ANSWER,539.0
sicurezza_al_buio,017029,2024,males,no answer,NO_ANSWER,270.8
sicurezza_al_buio,017029,2024,total,no answer,NO_ANSWER,809.8
sicurezza_al_buio,017029,2024,females,I feel completely safe,SI_COMP_SAFE,6901.1
sicurezza_al_buio,017029,2024,males,I feel completely safe,SI_COMP_SAFE,16253.7
sicurezza_al_buio,017029,2024,total,I feel completely safe,SI_COMP_SAFE,23154.8
sicurezza_al_buio,017029,2024,females,I feel little safe,SI_LITTLE_SAFE,25135.4
sicurezza_al_buio,017029,2024,males,I feel little safe,SI_LITTLE_SAFE,14630.6
sicurezza_al_buio,017029,2024,total,I feel little safe,SI_LITTLE_SAFE,39765.9
sicurezza_al_buio,017029,2024,females,I don’t feel safe at all,SI_NATALL_SAFE,12820.0
sicurezza_al_buio,017029,2024,males,I don’t feel safe at all,SI_NATALL_SAFE,6232.6
sicurezza_al_buio,017029,2024,total,I don’t feel safe at all,SI_NATALL_SAFE,19052.6
sicurezza_al_buio,017029,2024,females,I never go out,SI_NEVER_GO,4910.2
sicurezza_al_buio,017029,2024,males,I never go out,SI_NEVER_GO,2101.5
sicurezza_al_buio,017029,2024,total,I never go out,SI_NEVER_GO,7011.7
sicurezza_al_buio,017029,2024,females,I never go out alone,SI_NEVER_GO_AL,7456.2
sicurezza_al_buio,017029,2024,males,I never go out alone,SI_NEVER_GO_AL,1849.2
sicurezza_al_buio,017029,2024,total,I never go out alone,SI_NEVER_GO_AL,9305.4
sicurezza_al_buio,017029,2024,females,I feel quite safe,SI_QUITE_SAFE,34658.3
sicurezza_al_buio,017029,2024,males,I feel quite safe,SI_QUITE_SAFE,43964.6
sicurezza_al_buio,017029,2024,total,I feel quite safe,SI_QUITE_SAFE,78622.9
sicurezza_al_buio,ITC47,2022,females,all items,ALL,559619.0
sicurezza_al_buio,ITC47,2022,females,all items,ALL,559619.0
sicurezza_al_buio,ITC47,2022,females,all items,ALL,559619.0
sicurezza_al_buio,ITC47,2022,females,all items,ALL,3645.9
sicurezza_al_buio,ITC47,2022,females,all items,ALL,3645.9
sicurezza_al_buio,ITC47,2022,females,all items,ALL,66614.2
sicurezza_al_buio,ITC47,2022,females,all items,ALL,66614.2
sicurezza_al_buio,ITC47,2022,females,all items,ALL,111603.6
sicurezza_al_buio,ITC47,2022,females,all items,ALL,111603.6
sicurezza_al_buio,ITC47,2022,females,all items,ALL,41662.4
sicurezza_al_buio,ITC47,2022,females,all items,ALL,41662.4
sicurezza_al_buio,ITC47,2022,females,all items,ALL,36238.0
sicurezza_al_buio,ITC47,2022,females,all items,ALL,36238.0
sicurezza_al_buio,ITC47,2022,females,all items,ALL,52779.2
sicurezza_al_buio,ITC47,2022,females,all items,ALL,52779.2
sicurezza_al_buio,ITC47,2022,females,all items,ALL,247075.8
sicurezza_al_buio,ITC47,2022,females,all items,ALL,247075.8
sicurezza_al_buio,ITC47,2022,males,all items,ALL,544616.0
sicurezza_al_buio,ITC47,2022,males,all items,ALL,544616.0
sicurezza_al_buio,ITC47,2022,males,all items,ALL,544616.0
sicurezza_al_buio,ITC47,2022,males,all items,ALL,4064.8
sicurezza_al_buio,ITC47,2022,males,all items,ALL,4064.8
sicurezza_al_buio,ITC47,2022,males,all items,ALL,156977.3
sicurezza_al_buio,ITC47,2022,males,all items,ALL,156977.3
sicurezza_al_buio,ITC47,2022,males,all items,ALL,57924.6
sicurezza_al_buio,ITC47,2022,males,all items,ALL,57924.6
sicurezza_al_buio,ITC47,2022,males,all items,ALL,14592.8
sicurezza_al_buio,ITC47,2022,males,all items,ALL,14592.8
sicurezza_al_buio,ITC47,2022,males,all items,ALL,22839.0
sicurezza_al_buio,ITC47,2022,males,all items,ALL,22839.0
sicurezza_al_buio,ITC47,2022,males,all items,ALL,12506.3
sicurezza_al_buio,ITC47,2022,males,all items,ALL,12506.3
sicurezza_al_buio,ITC47,2022,males,all items,ALL,275711.3
sicurezza_al_buio,ITC47,2022,males,all items,ALL,275711.3
sicurezza_al_buio,ITC47,2022,total,all items,ALL,1104235.0
sicurezza_al_buio,ITC47,2022,total,all items,ALL,1104235.0
sicurezza_al_buio,ITC47,2022,total,all items,ALL,1104235.0
sicurezza_al_buio,ITC47,2022,total,all items,ALL,7710.7
sicurezza_al_buio,ITC47,2022,total,all items,ALL,7710.7
sicurezza_al_buio,ITC47,2022,total,all items,ALL,223591.5
sicurezza_al_buio,ITC47,2022,total,all items,ALL,223591.5
sicurezza_al_buio,ITC47,2022,total,all items,ALL,169528.1
sicurezza_al_buio,ITC47,2022,total,all items,ALL,169528.1
sicurezza_al_buio,ITC47,2022,total,all items,ALL,56255.2
sicurezza_al_buio,ITC47,2022,total,all items,ALL,56255.2
sicurezza_al_buio,ITC47,2022,total,all items,ALL,59077.0
sicurezza_al_buio,ITC47,2022,total,all items,ALL,59077.0
sicurezza_al_buio,ITC47,2022,total,all items,ALL,65285.4
sicurezza_al_buio,ITC47,2022,total,all items,ALL,65285.4
sicurezza_al_buio,ITC47,2022,total,all items,ALL,522787.1
sicurezza_al_buio,ITC47,2022,total,all items,ALL,522787.1
sicurezza_al_buio,ITC47,2022,females,no answer,NO_ANSWER,3645.9
sicurezza_al_buio,ITC47,2022,males,no answer,NO_ANSWER,4064.8
sicurezza_al_buio,ITC47,2022,total,no answer,NO_ANSWER,7710.7
sicurezza_al_buio,ITC47,2022,females,I feel completely safe,SI_COMP_SAFE,66614.2
sicurezza_al_buio,ITC47,2022,males,I feel completely safe,SI_COMP_SAFE,156977.3
sicurezza_al_buio,ITC47,2022,total,I feel completely safe,SI_COMP_SAFE,223591.5
sicurezza_al_buio,ITC47,2022,females,I feel little safe,SI_LITTLE_SAFE,111603.6
sicurezza_al_buio,ITC47,2022,males,I feel little safe,SI_LITTLE_SAFE,57924.6
sicurezza_al_buio,ITC47,2022,total,I feel little safe,SI_LITTLE_SAFE,169528.1
sicurezza_al_buio,ITC47,2022,females,I don’t feel safe at all,SI_NATALL_SAFE,41662.4
sicurezza_al_buio,ITC47,2022,males,I don’t feel safe at all,SI_NATALL_SAFE,14592.8
sicurezza_al_buio,ITC47,2022,total,I don’t feel safe at all,SI_NATALL_SAFE,56255.2
sicurezza_al_buio,ITC47,2022,females,I never go out,SI_NEVER_GO,36238.0
sicurezza_al_buio,ITC47,2022,males,I never go out,SI_NEVER_GO,22839.0
sicurezza_al_buio,ITC47,2022,total,I never go out,SI_NEVER_GO,59077.0
sicurezza_al_buio,ITC47,2022,females,I never go out alone,SI_NEVER_GO_AL,52779.2
sicurezza_al_buio,ITC47,2022,males,I never go out alone,SI_NEVER_GO_AL,12506.3
sicurezza_al_buio,ITC47,2022,total,I never go out alone,SI_NEVER_GO_AL,65285.4
sicurezza_al_buio,ITC47,2022,females,I feel quite safe,SI_QUITE_SAFE,247075.8
sicurezza_al_buio,ITC47,2022,males,I feel quite safe,SI_QUITE_SAFE,275711.3
sicurezza_al_buio,ITC47,2022,total,I feel quite safe,SI_QUITE_SAFE,522787.1
sicurezza_al_buio,ITC47,2023,females,all items,ALL,562279.0
sicurezza_al_buio,ITC47,2023,females,all items,ALL,562279.0
sicurezza_al_buio,ITC47,2023,females,all items,ALL,562279.0
sicurezza_al_buio,ITC47,2023,females,all items,ALL,6426.9
sicurezza_al_buio,ITC47,2023,females,all items,ALL,6426.9
sicurezza_al_buio,ITC47,2023,females,all items,ALL,60828.2
sicurezza_al_buio,ITC47,2023,females,all items,ALL,60828.2
sicurezza_al_buio,ITC47,2023,females,all items,ALL,118509.7
sicurezza_al_buio,ITC47,2023,females,all items,ALL,118509.7
sicurezza_al_buio,ITC47,2023,females,all items,ALL,52743.1
sicurezza_al_buio,ITC47,2023,females,all items,ALL,52743.1
sicurezza_al_buio,ITC47,2023,females,all items,ALL,35361.1
sicurezza_al_buio,ITC47,2023,females,all items,ALL,35361.1
sicurezza_al_buio,ITC47,2023,females,all items,ALL,52392.0
sicurezza_al_buio,ITC47,2023,females,all items,ALL,52392.0
sicurezza_al_buio,ITC47,2023,females,all items,ALL,236018.1
sicurezza_al_buio,ITC47,2023,females,all items,ALL,236018.1
sicurezza_al_buio,ITC47,2023,males,all items,ALL,549056.0
sicurezza_al_buio,ITC47,2023,males,all items,ALL,549056.0
sicurezza_al_buio,ITC47,2023,males,all items,ALL,549056.0
sicurezza_al_buio,ITC47,2023,males,all items,ALL,6882.6
sicurezza_al_buio,ITC47,2023,males,all items,ALL,6882.6
sicurezza_al_buio,ITC47,2023,males,all items,ALL,141771.9
sicurezza_al_buio,ITC47,2023,males,all items,ALL,141771.9
sicurezza_al_buio,ITC47,2023,males,all items,ALL,64397.4
sicurezza_al_buio,ITC47,2023,males,all items,ALL,64397.4
sicurezza_al_buio,ITC47,2023,males,all items,ALL,20038.2
sicurezza_al_buio,ITC47,2023,males,all items,ALL,20038.2
sicurezza_al_buio,ITC47,2023,males,all items,ALL,19272.0
sicurezza_al_buio,ITC47,2023,males,all items,ALL,19272.0
sicurezza_al_buio,ITC47,2023,males,all items,ALL,13284.3
sicurezza_al_buio,ITC47,2023,males,all items,ALL,13284.3
sicurezza_al_buio,ITC47,2023,males,all items,ALL,283409.6
sicurezza_al_buio,ITC47,2023,males,all items,ALL,283409.6
sicurezza_al_buio,ITC47,2023,total,all items,ALL,1111335.0
sicurezza_al_buio,ITC47,2023,total,all items,ALL,1111335.0
sicurezza_al_buio,ITC47,2023,total,all items,ALL,1111335.0
sicurezza_al_buio,ITC47,2023,total,all items,ALL,13309.5
sicurezza_al_buio,ITC47,2023,total,all items,ALL,13309.5
sicurezza_al_buio,ITC47,2023,total,all items,ALL,202600.1
sicurezza_al_buio,ITC47,2023,total,all items,ALL,202600.1
sicurezza_al_buio,ITC47,2023,total,all items,ALL,182907.1
sicurezza_al_buio,ITC47,2023,total,all items,ALL,182907.1
sicurezza_al_buio,ITC47,2023,total,all items,ALL,72781.3
sicurezza_al_buio,ITC47,2023,total,all items,ALL,72781.3
sicurezza_al_buio,ITC47,2023,total,all items,ALL,54633.1
sicurezza_al_buio,ITC47,2023,total,all items,ALL,54633.1
sicurezza_al_buio,ITC47,2023,total,all items,ALL,65676.3
sicurezza_al_buio,ITC47,2023,total,all items,ALL,65676.3
sicurezza_al_buio,ITC47,2023,total,all items,ALL,519427.7
sicurezza_al_buio,ITC47,2023,total,all items,ALL,519427.7
sicurezza_al_buio,ITC47,2023,females,no answer,NO_ANSWER,6426.9
sicurezza_al_buio,ITC47,2023,males,no answer,NO_ANSWER,6882.6
sicurezza_al_buio,ITC47,2023,total,no answer,NO_ANSWER,13309.5
sicurezza_al_buio,ITC47,2023,females,I feel completely safe,SI_COMP_SAFE,60828.2
sicurezza_al_buio,ITC47,2023,males,I feel completely safe,SI_COMP_SAFE,141771.9
sicurezza_al_buio,ITC47,2023,total,I feel completely safe,SI_COMP_SAFE,202600.1
sicurezza_al_buio,ITC47,2023,females,I feel little safe,SI_LITTLE_SAFE,118509.7
sicurezza_al_buio,ITC47,2023,males,I feel little safe,SI_LITTLE_SAFE,64397.4
sicurezza_al_buio,ITC47,2023,total,I feel little safe,SI_LITTLE_SAFE,182907.1
sicurezza_al_buio,ITC47,2023,females,I don’t feel safe at all,SI_NATALL_SAFE,52743.1
sicurezza_al_buio,ITC47,2023,males,I don’t feel safe at all,SI_NATALL_SAFE,20038.2
sicurezza_al_buio,ITC47,2023,total,I don’t feel safe at all,SI_NATALL_SAFE,72781.3
sicurezza_al_buio,ITC47,2023,females,I never go out,SI_NEVER_GO,35361.1
sicurezza_al_buio,ITC47,2023,males,I never go out,SI_NEVER_GO,19272.0
sicurezza_al_buio,ITC47,2023,total,I never go out,SI_NEVER_GO,54633.1
sicurezza_al_buio,ITC47,2023,females,I never go out alone,SI_NEVER_GO_AL,52392.0
sicurezza_al_buio,ITC47,2023,males,I never go out alone,SI_NEVER_GO_AL,13284.3
sicurezza_al_buio,ITC47,2023,total,I never go out alone,SI_NEVER_GO_AL,65676.3
sicurezza_al_buio,ITC47,2023,females,I feel quite safe,SI_QUITE_SAFE,236018.1
sicurezza_al_buio,ITC47,2023,males,I feel quite safe,SI_QUITE_SAFE,283409.6
sicurezza_al_buio,ITC47,2023,total,I feel quite safe,SI_QUITE_SAFE,519427.7
sicurezza_al_buio,ITC47,2024,females,all items,ALL,565622.0
sicurezza_al_buio,ITC47,2024,females,all items,ALL,565622.0
sicurezza_al_buio,ITC47,2024,females,all items,ALL,565622.0
sicurezza_al_buio,ITC47,2024,females,all items,ALL,4417.4
sicurezza_al_buio,ITC47,2024,females,all items,ALL,4417.4
sicurezza_al_buio,ITC47,2024,females,all items,ALL,51651.2
sicurezza_al_buio,ITC47,2024,females,all items,ALL,51651.2
sicurezza_al_buio,ITC47,2024,females,all items,ALL,124023.3
sicurezza_al_buio,ITC47,2024,females,all items,ALL,124023.3
sicurezza_al_buio,ITC47,2024,females,all items,ALL,65689.3
sicurezza_al_buio,ITC47,2024,females,all items,ALL,65689.3
sicurezza_al_buio,ITC47,2024,females,all items,ALL,34039.4
sicurezza_al_buio,ITC47,2024,females,all items,ALL,34039.4
sicurezza_al_buio,ITC47,2024,females,all items,ALL,56759.7
sicurezza_al_buio,ITC47,2024,females,all items,ALL,56759.7
sicurezza_al_buio,ITC47,2024,females,all items,ALL,229041.7
sicurezza_al_buio,ITC47,2024,females,all items,ALL,229041.7
sicurezza_al_buio,ITC47,2024,males,all items,ALL,554437.0
sicurezza_al_buio,ITC47,2024,males,all items,ALL,554437.0
sicurezza_al_buio,ITC47,2024,males,all items,ALL,554437.0
sicurezza_al_buio,ITC47,2024,males,all items,ALL,4031.3
sicurezza_al_buio,ITC47,2024,males,all items,ALL,4031.3
sicurezza_al_buio,ITC47,2024,males,all items,ALL,135163.7
sicurezza_al_buio,ITC47,2024,males,all items,ALL,135163.7
sicurezza_al_buio,ITC47,2024,males,all items,ALL,78333.9
sicurezza_al_buio,ITC47,2024,males,all items,ALL,78333.9
sicurezza_al_buio,ITC47,2024,males,all items,ALL,26848.2
sicurezza_al_buio,ITC47,2024,males,all items,ALL,26848.2
sicurezza_al_buio,ITC47,2024,males,all items,ALL,19055.6
sicurezza_al_buio,ITC47,2024,males,all items,ALL,19055.6
sicurezza_al_buio,ITC47,2024,males,all items,ALL,14263.3
sicurezza_al_buio,ITC47,2024,males,all items,ALL,14263.3
sicurezza_al_buio,ITC47,2024,males,all items,ALL,276741.0
sicurezza_al_buio,ITC47,2024,males,all items,ALL,276741.0
sicurezza_al_buio,ITC47,2024,total,all items,ALL,1120059.0
sicurezza_al_buio,ITC47,2024,total,all items,ALL,1120059.0
sicurezza_al_buio,ITC47,2024,total,all items,ALL,1120059.0
sicurezza_al_buio,ITC47,2024,total,all items,ALL,8448.7
sicurezza_al_buio,ITC47,2024,total,all items,ALL,8448.7
sicurezza_al_buio,ITC47,2024,total,all items,ALL,186814.9
sicurezza_al_buio,ITC47,2024,total,all items,ALL,186814.9
sicurezza_al_buio,ITC47,2024,total,all items,ALL,202357.3
sicurezza_al_buio,ITC47,2024,total,all items,ALL,202357.3
sicurezza_al_buio,ITC47,2024,total,all items,ALL,92537.5
sicurezza_al_buio,ITC47,2024,total,all items,ALL,92537.5
sicurezza_al_buio,ITC47,2024,total,all items,ALL,53095.0
sicurezza_al_buio,ITC47,2024,total,all items,ALL,53095.0
sicurezza_al_buio,ITC47,2024,total,all items,ALL,71022.9
sicurezza_al_buio,ITC47,2024,total,all items,ALL,71022.9
sicurezza_al_buio,ITC47,2024,total,all items,ALL,505782.7
sicurezza_al_buio,ITC47,2024,total,all items,ALL,505782.7
sicurezza_al_buio,ITC47,2024,females,no answer,NO_ANSWER,4417.4
sicurezza_al_buio,ITC47,2024,males,no answer,NO_ANSWER,4031.3
sicurezza_al_buio,ITC47,2024,total,no answer,NO_ANSWER,8448.7
sicurezza_al_buio,ITC47,2024,females,I feel completely safe,SI_COMP_SAFE,51651.2
sicurezza_al_buio,ITC47,2024,males,I feel completely safe,SI_COMP_SAFE,135163.7
sicurezza_al_buio,ITC47,2024,total,I feel completely safe,SI_COMP_SAFE,186814.9
sicurezza_al_buio,ITC47,2024,females,I feel little safe,SI_LITTLE_SAFE,124023.3
sicurezza_al_buio,ITC47,2024,males,I feel little safe,SI_LITTLE_SAFE,78333.9
sicurezza_al_buio,ITC47,2024,total,I feel little safe,SI_LITTLE_SAFE,202357.3
sicurezza_al_buio,ITC47,2024,females,I don’t feel safe at all,SI_NATALL_SAFE,65689.3
sicurezza_al_buio,ITC47,2024,males,I don’t feel safe at all,SI_NATALL_SAFE,26848.2
sicurezza_al_buio,ITC47,2024,total,I don’t feel safe at all,SI_NATALL_SAFE,92537.5
sicurezza_al_buio,ITC47,2024,females,I never go out,SI_NEVER_GO,34039.4
sicurezza_al_buio,ITC47,2024,males,I never go out,SI_NEVER_GO,19055.6
sicurezza_al_buio,ITC47,2024,total,I never go out,SI_NEVER_GO,53095.0
sicurezza_al_buio,ITC47,2024,females,I never go out alone,SI_NEVER_GO_AL,56759.7
sicurezza_al_buio,ITC47,2024,males,I never go out alone,SI_NEVER_GO_AL,14263.3
sicurezza_al_buio,ITC47,2024,total,I never go out alone,SI_NEVER_GO_AL,71022.9
sicurezza_al_buio,ITC47,2024,females,I feel quite safe,SI_QUITE_SAFE,229041.7
sicurezza_al_buio,ITC47,2024,males,I feel quite safe,SI_QUITE_SAFE,276741.0
sicurezza_al_buio,ITC47,2024,total,I feel quite safe,SI_QUITE_SAFE,505782.7
soddisfazione_vita,017029,2022,females,all items,ALL,91350.0
soddisfazione_vita,017029,2022,females,all items,ALL,91350.0
soddisfazione_vita,017029,2022,females,all items,ALL,91350.0
soddisfazione_vita,017029,2022,females,all items,ALL,1051.6
soddisfazione_vita,017029,2022,females,all items,ALL,1051.6
soddisfazione_vita,017029,2022,females,all items,ALL,932.0
soddisfazione_vita,017029,2022,females,all items,ALL,932.0
soddisfazione_vita,017029,2022,females,all items,ALL,498.7
soddisfazione_vita,017029,2022,females,all items,ALL,498.7
soddisfazione_vita,017029,2022,females,all items,ALL,10928.2
soddisfazione_vita,017029,2022,females,all items,ALL,10928.2
soddisfazione_vita,017029,2022,females,all items,ALL,1301.2
soddisfazione_vita,017029,2022,females,all items,ALL,1301.2
soddisfazione_vita,017029,2022,females,all items,ALL,1702.3
soddisfazione_vita,017029,2022,females,all items,ALL,1702.3
soddisfazione_vita,017029,2022,females,all items,ALL,1465.9
soddisfazione_vita,017029,2022,females,all items,ALL,1465.9
soddisfazione_vita,017029,2022,females,all items,ALL,6621.6
soddisfazione_vita,017029,2022,females,all items,ALL,6621.6
soddisfazione_vita,017029,2022,females,all items,ALL,9961.8
soddisfazione_vita,017029,2022,females,all items,ALL,9961.8
soddisfazione_vita,017029,2022,females,all items,ALL,18726.8
soddisfazione_vita,017029,2022,females,all items,ALL,18726.8
soddisfazione_vita,017029,2022,females,all items,ALL,28194.9
soddisfazione_vita,017029,2022,females,all items,ALL,28194.9
soddisfazione_vita,017029,2022,females,all items,ALL,9964.9
soddisfazione_vita,017029,2022,females,all items,ALL,9964.9
soddisfazione_vita,017029,2022,males,all items,ALL,83182.0
soddisfazione_vita,017029,2022,males,all items,ALL,83182.0
soddisfazione_vita,017029,2022,males,all items,ALL,83182.0
soddisfazione_vita,017029,2022,males,all items,ALL,593.1
soddisfazione_vita,017029,2022,males,all items,ALL,593.1
soddisfazione_vita,017029,2022,males,all items,ALL,1279.8
soddisfazione_vita,017029,2022,males,all items,ALL,1279.8
soddisfazione_vita,017029,2022,males,all items,ALL,187.7
soddisfazione_vita,017029,2022,males,all items,ALL,187.7
soddisfazione_vita,017029,2022,males,all items,ALL,11351.4
soddisfazione_vita,017029,2022,males,all items,ALL,11351.4
soddisfazione_vita,017029,2022,males,all items,ALL,526.6
soddisfazione_vita,017029,2022,males,all items,ALL,526.6
soddisfazione_vita,017029,2022,males,all items,ALL,1296.3
soddisfazione_vita,017029,2022,males,all items,ALL,1296.3
soddisfazione_vita,017029,2022,males,all items,ALL,1684.0
soddisfazione_vita,017029,2022,males,all items,ALL,1684.0
soddisfazione_vita,017029,2022,males,all items,ALL,5645.9
soddisfazione_vita,017029,2022,males,all items,ALL,5645.9
soddisfazione_vita,017029,2022,males,all items,ALL,9311.3
soddisfazione_vita,017029,2022,males,all items,ALL,9311.3
soddisfazione_vita,017029,2022,males,all items,ALL,16474.1
soddisfazione_vita,017029,2022,males,all items,ALL,16474.1
soddisfazione_vita,017029,2022,males,all items,ALL,23979.7
soddisfazione_vita,017029,2022,males,all items,ALL,23979.7
soddisfazione_vita,017029,2022,males,all items,ALL,10852.3
soddisfazione_vita,017029,2022,males,all items,ALL,10852.3
soddisfazione_vita,017029,2022,total,all items,ALL,174532.0
soddisfazione_vita,017029,2022,total,all items,ALL,174532.0
soddisfazione_vita,017029,2022,total,all items,ALL,174532.0
soddisfazione_vita,017029,2022,total,all items,ALL,1644.6
soddisfazione_vita,017029,2022,total,all items,ALL,1644.6
soddisfazione_vita,017029,2022,total,all items,ALL,2211.8
soddisfazione_vita,017029,2022,total,all items,ALL,2211.8
soddisfazione_vita,017029,2022,total,all items,ALL,686.4
soddisfazione_vita,017029,2022,total,all items,ALL,686.4
soddisfazione_vita,017029,2022,total,all items,ALL,22279.6
soddisfazione_vita,017029,2022,total,all items,ALL,22279.6
soddisfazione_vita,017029,2022,total,all items,ALL,1827.8
soddisfazione_vita,017029,2022,total,all items,ALL,1827.8
soddisfazione_vita,017029,2022,total,all items,ALL,2998.6
soddisfazione_vita,017029,2022,total,all items,ALL,2998.6
soddisfazione_vita,017029,2022,total,all items,ALL,3149.9
soddisfazione_vita,017029,2022,total,all items,ALL,3149.9
soddisfazione_vita,017029,2022,total,all items,ALL,12267.5
soddisfazione_vita,017029,2022,total,all items,ALL,12267.5
soddisfazione_vita,017029,2022,total,all items,ALL,19273.1
soddisfazione_vita,017029,2022,total,all items,ALL,19273.1
soddisfazione_vita,017029,2022,total,all items,ALL,35200.9
soddisfazione_vita,017029,2022,total,all items,ALL,35200.9
soddisfazione_vita,017029,2022,total,all items,ALL,52174.5
soddisfazione_vita,017029,2022,total,all items,ALL,52174.5
soddisfazione_vita,017029,2022,total,all items,ALL,20817.2
soddisfazione_vita,017029,2022,total,all items,ALL,20817.2
soddisfazione_vita,017029,2022,females,no answer,NO_ANSWER,1051.6
soddisfazione_vita,017029,2022,males,no answer,NO_ANSWER,593.1
soddisfazione_vita,017029,2022,total,no answer,NO_ANSWER,1644.6
soddisfazione_vita,017029,2022,females,0,SA_0,932.0
soddisfazione_vita,017029,2022,males,0,SA_0,1279.8
soddisfazione_vita,017029,2022,total,0,SA_0,2211.8
soddisfazione_vita,017029,2022,females,1,SA_1,498.7
soddisfazione_vita,017029,2022,males,1,SA_1,187.7
soddisfazione_vita,017029,2022,total,1,SA_1,686.4
soddisfazione_vita,017029,2022,females,10,SA_10,10928.2
soddisfazione_vita,017029,2022,males,10,SA_10,11351.4
soddisfazione_vita,017029,2022,total,10,SA_10,22279.6
soddisfazione_vita,017029,2022,females,2,SA_2,1301.2
soddisfazione_vita,017029,2022,males,2,SA_2,526.6
soddisfazione_vita,017029,2022,total,2,SA_2,1827.8
soddisfazione_vita,017029,2022,females,3,SA_3,1702.3
soddisfazione_vita,017029,2022,males,3,SA_3,1296.3
soddisfazione_vita,017029,2022,total,3,SA_3,2998.6
soddisfazione_vita,017029,2022,females,4,SA_4,1465.9
soddisfazione_vita,017029,2022,males,4,SA_4,1684.0
soddisfazione_vita,017029,2022,total,4,SA_4,3149.9
soddisfazione_vita,017029,2022,females,5,SA_5,6621.6
soddisfazione_vita,017029,2022,males,5,SA_5,5645.9
soddisfazione_vita,017029,2022,total,5,SA_5,12267.5
soddisfazione_vita,017029,2022,females,6,SA_6,9961.8
soddisfazione_vita,017029,2022,males,6,SA_6,9311.3
soddisfazione_vita,017029,2022,total,6,SA_6,19273.1
soddisfazione_vita,017029,2022,females,7,SA_7,18726.8
soddisfazione_vita,017029,2022,males,7,SA_7,16474.1
soddisfazione_vita,017029,2022,total,7,SA_7,35200.9
soddisfazione_vita,017029,2022,females,8,SA_8,28194.9
soddisfazione_vita,017029,2022,males,8,SA_8,23979.7
soddisfazione_vita,017029,2022,total,8,SA_8,52174.5
soddisfazione_vita,017029,2022,females,9,SA_9,9964.9
soddisfazione_vita,017029,2022,males,9,SA_9,10852.3
soddisfazione_vita,017029,2022,total,9,SA_9,20817.2
soddisfazione_vita,017029,2023,females,all items,ALL,91672.0
soddisfazione_vita,017029,2023,females,all items,ALL,91672.0
soddisfazione_vita,017029,2023,females,all items,ALL,91672.0
soddisfazione_vita,017029,2023,females,all items,ALL,344.9
soddisfazione_vita,017029,2023,females,all items,ALL,344.9
soddisfazione_vita,017029,2023,females,all items,ALL,989.2
soddisfazione_vita,017029,2023,females,all items,ALL,989.2
soddisfazione_vita,017029,2023,females,all items,ALL,587.9
soddisfazione_vita,017029,2023,females,all items,ALL,587.9
soddisfazione_vita,017029,2023,females,all items,ALL,11240.4
soddisfazione_vita,017029,2023,females,all items,ALL,11240.4
soddisfazione_vita,017029,2023,females,all items,ALL,1006.1
soddisfazione_vita,017029,2023,females,all items,ALL,1006.1
soddisfazione_vita,017029,2023,females,all items,ALL,924.4
soddisfazione_vita,017029,2023,females,all items,ALL,924.4
soddisfazione_vita,017029,2023,females,all items,ALL,2439.7
soddisfazione_vita,017029,2023,females,all items,ALL,2439.7
soddisfazione_vita,017029,2023,females,all items,ALL,6825.3
soddisfazione_vita,017029,2023,females,all items,ALL,6825.3
soddisfazione_vita,017029,2023,females,all items,ALL,9652.5
soddisfazione_vita,017029,2023,females,all items,ALL,9652.5
soddisfazione_vita,017029,2023,females,all items,ALL,18449.1
soddisfazione_vita,017029,2023,females,all items,ALL,18449.1
soddisfazione_vita,017029,2023,females,all items,ALL,28384.0
soddisfazione_vita,017029,2023,females,all items,ALL,28384.0
soddisfazione_vita,017029,2023,females,all items,ALL,10828.5
soddisfazione_vita,017029,2023,females,all items,ALL,10828.5
soddisfazione_vita,017029,2023,males,all items,ALL,84077.0
soddisfazione_vita,017029,2023,males,all items,ALL,84077.0
soddisfazione_vita,017029,2023,males,all items,ALL,84077.0
soddisfazione_vita,017029,2023,males,all items,ALL,311.4
soddisfazione_vita,017029,2023,males,all items,ALL,311.4
soddisfazione_vita,017029,2023,males,all items,ALL,1187.2
soddisfazione_vita,017029,2023,males,all items,ALL,1187.2
soddisfazione_vita,017029,2023,males,all items,ALL,619.2
soddisfazione_vita,017029,2023,males,all items,ALL,619.2
soddisfazione_vita,017029,2023,males,all items,ALL,9755.0
soddisfazione_vita,017029,2023,males,all items,ALL,9755.0
soddisfazione_vita,017029,2023,males,all items,ALL,894.0
soddisfazione_vita,017029,2023,males,all items,ALL,894.0
soddisfazione_vita,017029,2023,males,all items,ALL,972.1
soddisfazione_vita,017029,2023,males,all items,ALL,972.1
soddisfazione_vita,017029,2023,males,all items,ALL,1409.1
soddisfazione_vita,017029,2023,males,all items,ALL,1409.1
soddisfazione_vita,017029,2023,males,all items,ALL,6234.3
soddisfazione_vita,017029,2023,males,all items,ALL,6234.3
soddisfazione_vita,017029,2023,males,all items,ALL,9365.0
soddisfazione_vita,017029,2023,males,all items,ALL,9365.0
soddisfazione_vita,017029,2023,males,all items,ALL,16936.5
soddisfazione_vita,017029,2023,males,all items,ALL,16936.5
soddisfazione_vita,017029,2023,males,all items,ALL,24627.7
soddisfazione_vita,017029,2023,males,all items,ALL,24627.7
soddisfazione_vita,017029,2023,males,all items,ALL,11765.6
soddisfazione_vita,017029,2023,males,all items,ALL,11765.6
soddisfazione_vita,017029,2023,total,all items,ALL,175749.0
soddisfazione_vita,017029,2023,total,all items,ALL,175749.0
soddisfazione_vita,017029,2023,total,all items,ALL,175749.0
soddisfazione_vita,017029,2023,total,all items,ALL,656.4
soddisfazione_vita,017029,2023,total,all items,ALL,656.4
soddisfazione_vita,017029,2023,total,all items,ALL,2176.4
soddisfazione_vita,017029,2023,total,all items,ALL,2176.4
soddisfazione_vita,017029,2023,total,all items,ALL,1207.1
soddisfazione_vita,017029,2023,total,all items,ALL,1207.1
soddisfazione_vita,017029,2023,total,all items,ALL,20995.3
soddisfazione_vita,017029,2023,total,all items,ALL,20995.3
soddisfazione_vita,017029,2023,total,all items,ALL,1900.1
soddisfazione_vita,017029,2023,total,all items,ALL,1900.1
soddisfazione_vita,017029,2023,total,all items,ALL,1896.5
soddisfazione_vita,017029,2023,total,all items,ALL,1896.5
soddisfazione_vita,017029,2023,total,all items,ALL,3848.8
soddisfazione_vita,017029,2023,total,all items,ALL,3848.8
soddisfazione_vita,017029,2023,total,all items,ALL,13059.6
soddisfazione_vita,017029,2023,total,all items,ALL,13059.6
soddisfazione_vita,017029,2023,total,all items,ALL,19017.5
soddisfazione_vita,017029,2023,total,all items,ALL,19017.5
soddisfazione_vita,017029,2023,total,all items,ALL,35385.6
soddisfazione_vita,017029,2023,total,all items,ALL,35385.6
soddisfazione_vita,017029,2023,total,all items,ALL,53011.6
soddisfazione_vita,017029,2023,total,all items,ALL,53011.6
soddisfazione_vita,017029,2023,total,all items,ALL,22594.1
soddisfazione_vita,017029,2023,total,all items,ALL,22594.1
soddisfazione_vita,017029,2023,females,no answer,NO_ANSWER,344.9
soddisfazione_vita,017029,2023,males,no answer,NO_ANSWER,311.4
soddisfazione_vita,017029,2023,total,no answer,NO_ANSWER,656.4
soddisfazione_vita,017029,2023,females,0,SA_0,989.2
soddisfazione_vita,017029,2023,males,0,SA_0,1187.2
soddisfazione_vita,017029,2023,total,0,SA_0,2176.4
soddisfazione_vita,017029,2023,females,1,SA_1,587.9
soddisfazione_vita,017029,2023,males,1,SA_1,619.2
soddisfazione_vita,017029,2023,total,1,SA_1,1207.1
soddisfazione_vita,017029,2023,females,10,SA_10,11240.4
soddisfazione_vita,017029,2023,males,10,SA_10,9755.0
soddisfazione_vita,017029,2023,total,10,SA_10,20995.3
soddisfazione_vita,017029,2023,females,2,SA_2,1006.1
soddisfazione_vita,017029,2023,males,2,SA_2,894.0
soddisfazione_vita,017029,2023,total,2,SA_2,1900.1
soddisfazione_vita,017029,2023,females,3,SA_3,924.4
soddisfazione_vita,017029,2023,males,3,SA_3,972.1
soddisfazione_vita,017029,2023,total,3,SA_3,1896.5
soddisfazione_vita,017029,2023,females,4,SA_4,2439.7
soddisfazione_vita,017029,2023,males,4,SA_4,1409.1
soddisfazione_vita,017029,2023,total,4,SA_4,3848.8
soddisfazione_vita,017029,2023,females,5,SA_5,6825.3
soddisfazione_vita,017029,2023,males,5,SA_5,6234.3
soddisfazione_vita,017029,2023,total,5,SA_5,13059.6
soddisfazione_vita,017029,2023,females,6,SA_6,9652.5
soddisfazione_vita,017029,2023,males,6,SA_6,9365.0
soddisfazione_vita,017029,2023,total,6,SA_6,19017.5
soddisfazione_vita,017029,2023,females,7,SA_7,18449.1
soddisfazione_vita,017029,2023,males,7,SA_7,16936.5
soddisfazione_vita,017029,2023,total,7,SA_7,35385.6
soddisfazione_vita,017029,2023,females,8,SA_8,28384.0
soddisfazione_vita,017029,2023,males,8,SA_8,24627.7
soddisfazione_vita,017029,2023,total,8,SA_8,53011.6
soddisfazione_vita,017029,2023,females,9,SA_9,10828.5
soddisfazione_vita,017029,2023,males,9,SA_9,11765.6
soddisfazione_vita,017029,2023,total,9,SA_9,22594.1
soddisfazione_vita,017029,2024,females,all items,ALL,92420.0
soddisfazione_vita,017029,2024,females,all items,ALL,92420.0
soddisfazione_vita,017029,2024,females,all items,ALL,92420.0
soddisfazione_vita,017029,2024,females,all items,ALL,837.2
soddisfazione_vita,017029,2024,females,all items,ALL,837.2
soddisfazione_vita,017029,2024,females,all items,ALL,841.3
soddisfazione_vita,017029,2024,females,all items,ALL,841.3
soddisfazione_vita,017029,2024,females,all items,ALL,837.5
soddisfazione_vita,017029,2024,females,all items,ALL,837.5
soddisfazione_vita,017029,2024,females,all items,ALL,10744.1
soddisfazione_vita,017029,2024,females,all items,ALL,10744.1
soddisfazione_vita,017029,2024,females,all items,ALL,975.8
soddisfazione_vita,017029,2024,females,all items,ALL,975.8
soddisfazione_vita,017029,2024,females,all items,ALL,1519.5
soddisfazione_vita,017029,2024,females,all items,ALL,1519.5
soddisfazione_vita,017029,2024,females,all items,ALL,2382.4
soddisfazione_vita,017029,2024,females,all items,ALL,2382.4
soddisfazione_vita,017029,2024,females,all items,ALL,6051.6
soddisfazione_vita,017029,2024,females,all items,ALL,6051.6
soddisfazione_vita,017029,2024,females,all items,ALL,10393.7
soddisfazione_vita,017029,2024,females,all items,ALL,10393.7
soddisfazione_vita,017029,2024,females,all items,ALL,18323.7
soddisfazione_vita,017029,2024,females,all items,ALL,18323.7
soddisfazione_vita,017029,2024,females,all items,ALL,27478.4
soddisfazione_vita,017029,2024,females,all items,ALL,27478.4
soddisfazione_vita,017029,2024,females,all items,ALL,12034.9
soddisfazione_vita,017029,2024,females,all items,ALL,12034.9
soddisfazione_vita,017029,2024,males,all items,ALL,85303.0
soddisfazione_vita,017029,2024,males,all items,ALL,85303.0
soddisfazione_vita,017029,2024,males,all items,ALL,85303.0
soddisfazione_vita,017029,2024,males,all items,ALL,490.0
soddisfazione_vita,017029,2024,males,all items,ALL,490.0
soddisfazione_vita,017029,2024,males,all items,ALL,969.5
soddisfazione_vita,017029,2024,males,all items,ALL,969.5
soddisfazione_vita,017029,2024,males,all items,ALL,453.0
soddisfazione_vita,017029,2024,males,all items,ALL,453.0
soddisfazione_vita,017029,2024,males,all items,ALL,10292.5
soddisfazione_vita,017029,2024,males,all items,ALL,10292.5
soddisfazione_vita,017029,2024,males,all items,ALL,607.9
soddisfazione_vita,017029,2024,males,all items,ALL,607.9
soddisfazione_vita,017029,2024,males,all items,ALL,955.0
soddisfazione_vita,017029,2024,males,all items,ALL,955.0
soddisfazione_vita,017029,2024,males,all items,ALL,1641.0
soddisfazione_vita,017029,2024,males,all items,ALL,1641.0
soddisfazione_vita,017029,2024,males,all items,ALL,6823.2
soddisfazione_vita,017029,2024,males,all items,ALL,6823.2
soddisfazione_vita,017029,2024,males,all items,ALL,7766.1
soddisfazione_vita,017029,2024,males,all items,ALL,7766.1
soddisfazione_vita,017029,2024,males,all items,ALL,16065.2
soddisfazione_vita,017029,2024,males,all items,ALL,16065.2
soddisfazione_vita,017029,2024,males,all items,ALL,29181.9
soddisfazione_vita,017029,2024,males,all items,ALL,29181.9
soddisfazione_vita,017029,2024,males,all items,ALL,10057.7
soddisfazione_vita,017029,2024,males,all items,ALL,10057.7
soddisfazione_vita,017029,2024,total,all items,ALL,177723.0
soddisfazione_vita,017029,2024,total,all items,ALL,177723.0
soddisfazione_vita,017029,2024,total,all items,ALL,177723.0
soddisfazione_vita,017029,2024,total,all items,ALL,1327.3
soddisfazione_vita,017029,2024,total,all items,ALL,1327.3
soddisfazione_vita,017029,2024,total,all items,ALL,1810.8
soddisfazione_vita,017029,2024,total,all items,ALL,1810.8
soddisfazione_vita,017029,2024,total,all items,ALL,1290.4
soddisfazione_vita,017029,2024,total,all items,ALL,1290.4
soddisfazione_vita,017029,2024,total,all items,ALL,21036.5
soddisfazione_vita,017029,2024,total,all items,ALL,21036.5
soddisfazione_vita,017029,2024,total,all items,ALL,1583.7
soddisfazione_vita,017029,2024,total,all items,ALL,1583.7
soddisfazione_vita,017029,2024,total,all items,ALL,2474.5
soddisfazione_vita,017029,2024,total,all items,ALL,2474.5
soddisfazione_vita,017029,2024,total,all items,ALL,4023.4
soddisfazione_vita,017029,2024,total,all items,ALL,4023.4
soddisfazione_vita,017029,2024,total,all items,ALL,12874.8
soddisfazione_vita,017029,2024,total,all items,ALL,12874.8
soddisfazione_vita,017029,2024,total,all items,ALL,18159.8
soddisfazione_vita,017029,2024,total,all items,ALL,18159.8
soddisfazione_vita,017029,2024,total,all items,ALL,34388.9
soddisfazione_vita,017029,2024,total,all items,ALL,34388.9
soddisfazione_vita,017029,2024,total,all items,ALL,56660.2
soddisfazione_vita,017029,2024,total,all items,ALL,56660.2
soddisfazione_vita,017029,2024,total,all items,ALL,22092.6
soddisfazione_vita,017029,2024,total,all items,ALL,22092.6
soddisfazione_vita,017029,2024,females,no answer,NO_ANSWER,837.2
soddisfazione_vita,017029,2024,males,no answer,NO_ANSWER,490.0
soddisfazione_vita,017029,2024,total,no answer,NO_ANSWER,1327.3
soddisfazione_vita,017029,2024,females,0,SA_0,841.3
soddisfazione_vita,017029,2024,males,0,SA_0,969.5
soddisfazione_vita,017029,2024,total,0,SA_0,1810.8
soddisfazione_vita,017029,2024,females,1,SA_1,837.5
soddisfazione_vita,017029,2024,males,1,SA_1,453.0
soddisfazione_vita,017029,2024,total,1,SA_1,1290.4
soddisfazione_vita,017029,2024,females,10,SA_10,10744.1
soddisfazione_vita,017029,2024,males,10,SA_10,10292.5
soddisfazione_vita,017029,2024,total,10,SA_10,21036.5
soddisfazione_vita,017029,2024,females,2,SA_2,975.8
soddisfazione_vita,017029,2024,males,2,SA_2,607.9
soddisfazione_vita,017029,2024,total,2,SA_2,1583.7
soddisfazione_vita,017029,2024,females,3,SA_3,1519.5
soddisfazione_vita,017029,2024,males,3,SA_3,955.0
soddisfazione_vita,017029,2024,total,3,SA_3,2474.5
soddisfazione_vita,017029,2024,females,4,SA_4,2382.4
soddisfazione_vita,017029,2024,males,4,SA_4,1641.0
soddisfazione_vita,017029,2024,total,4,SA_4,4023.4
soddisfazione_vita,017029,2024,females,5,SA_5,6051.6
soddisfazione_vita,017029,2024,males,5,SA_5,6823.2
soddisfazione_vita,017029,2024,total,5,SA_5,12874.8
soddisfazione_vita,017029,2024,females,6,SA_6,10393.7
soddisfazione_vita,017029,2024,males,6,SA_6,7766.1
soddisfazione_vita,017029,2024,total,6,SA_6,18159.8
soddisfazione_vita,017029,2024,females,7,SA_7,18323.7
soddisfazione_vita,017029,2024,males,7,SA_7,16065.2
soddisfazione_vita,017029,2024,total,7,SA_7,34388.9
soddisfazione_vita,017029,2024,females,8,SA_8,27478.4
soddisfazione_vita,017029,2024,males,8,SA_8,29181.9
soddisfazione_vita,017029,2024,total,8,SA_8,56660.2
soddisfazione_vita,017029,2024,females,9,SA_9,12034.9
soddisfazione_vita,017029,2024,males,9,SA_9,10057.7
soddisfazione_vita,017029,2024,total,9,SA_9,22092.6
soddisfazione_vita,ITC47,2022,females,all items,ALL,559619.0
soddisfazione_vita,ITC47,2022,females,all items,ALL,559619.0
soddisfazione_vita,ITC47,2022,females,all items,ALL,559619.0
soddisfazione_vita,ITC47,2022,females,all items,ALL,5613.2
soddisfazione_vita,ITC47,2022,females,all items,ALL,5613.2
soddisfazione_vita,ITC47,2022,females,all items,ALL,5465.8
soddisfazione_vita,ITC47,2022,females,all items,ALL,5465.8
soddisfazione_vita,ITC47,2022,females,all items,ALL,3043.9
soddisfazione_vita,ITC47,2022,females,all items,ALL,3043.9
soddisfazione_vita,ITC47,2022,females,all items,ALL,73172.7
soddisfazione_vita,ITC47,2022,females,all items,ALL,73172.7
soddisfazione_vita,ITC47,2022,females,all items,ALL,4639.0
soddisfazione_vita,ITC47,2022,females,all items,ALL,4639.0
soddisfazione_vita,ITC47,2022,females,all items,ALL,6978.3
soddisfazione_vita,ITC47,2022,females,all items,ALL,6978.3
soddisfazione_vita,ITC47,2022,females,all items,ALL,8110.8
soddisfazione_vita,ITC47,2022,females,all items,ALL,8110.8
soddisfazione_vita,ITC47,2022,females,all items,ALL,37360.8
soddisfazione_vita,ITC47,2022,females,all items,ALL,37360.8
soddisfazione_vita,ITC47,2022,females,all items,ALL,61572.5
soddisfazione_vita,ITC47,2022,females,all items,ALL,61572.5
soddisfazione_vita,ITC47,2022,females,all items,ALL,110461.3
soddisfazione_vita,ITC47,2022,females,all items,ALL,110461.3
soddisfazione_vita,ITC47,2022,females,all items,ALL,171637.0
soddisfazione_vita,ITC47,2022,females,all items,ALL,171637.0
soddisfazione_vita,ITC47,2022,females,all items,ALL,71563.6
soddisfazione_vita,ITC47,2022,females,all items,ALL,71563.6
soddisfazione_vita,ITC47,2022,males,all items,ALL,544616.0
soddisfazione_vita,ITC47,2022,males,all items,ALL,544616.0
soddisfazione_vita,ITC47,2022,males,all items,ALL,544616.0
soddisfazione_vita,ITC47,2022,males,all items,ALL,6535.3
soddisfazione_vita,ITC47,2022,males,all items,ALL,6535.3
soddisfazione_vita,ITC47,2022,males,all items,ALL,5165.1
soddisfazione_vita,ITC47,2022,males,all items,ALL,5165.1
soddisfazione_vita,ITC47,2022,males,all items,ALL,2661.2
soddisfazione_vita,ITC47,2022,males,all items,ALL,2661.2
soddisfazione_vita,ITC47,2022,males,all items,ALL,84347.6
soddisfazione_vita,ITC47,2022,males,all items,ALL,84347.6
soddisfazione_vita,ITC47,2022,males,all items,ALL,2841.8
soddisfazione_vita,ITC47,2022,males,all items,ALL,2841.8
soddisfazione_vita,ITC47,2022,males,all items,ALL,5338.2
soddisfazione_vita,ITC47,2022,males,all items,ALL,5338.2
soddisfazione_vita,ITC47,2022,males,all items,ALL,8069.9
soddisfazione_vita,ITC47,2022,males,all items,ALL,8069.9
soddisfazione_vita,ITC47,2022,males,all items,ALL,29946.2
soddisfazione_vita,ITC47,2022,males,all items,ALL,29946.2
soddisfazione_vita,ITC47,2022,males,all items,ALL,53732.7
soddisfazione_vita,ITC47,2022,males,all items,ALL,53732.7
soddisfazione_vita,ITC47,2022,males,all items,ALL,106246.4
soddisfazione_vita,ITC47,2022,males,all items,ALL,106246.4
soddisfazione_vita,ITC47,2022,males,all items,ALL,164660.0
soddisfazione_vita,ITC47,2022,males,all items,ALL,164660.0
soddisfazione_vita,ITC47,2022,males,all items,ALL,75071.7
soddisfazione_vita,ITC47,2022,males,all items,ALL,75071.7
soddisfazione_vita,ITC47,2022,total,all items,ALL,1104235.0
soddisfazione_vita,ITC47,2022,total,all items,ALL,1104235.0
soddisfazione_vita,ITC47,2022,total,all items,ALL,1104235.0
soddisfazione_vita,ITC47,2022,total,all items,ALL,12148.5
soddisfazione_vita,ITC47,2022,total,all items,ALL,12148.5
soddisfazione_vita,ITC47,2022,total,all items,ALL,10630.9
soddisfazione_vita,ITC47,2022,total,all items,ALL,10630.9
soddisfazione_vita,ITC47,2022,total,all items,ALL,5705.1
soddisfazione_vita,ITC47,2022,total,all items,ALL,5705.1
soddisfazione_vita,ITC47,2022,total,all items,ALL,157520.3
soddisfazione_vita,ITC47,2022,total,all items,ALL,157520.3
soddisfazione_vita,ITC47,2022,total,all items,ALL,7480.9
soddisfazione_vita,ITC47,2022,total,all items,ALL,7480.9
soddisfazione_vita,ITC47,2022,total,all items,ALL,12316.5
soddisfazione_vita,ITC47,2022,total,all items,ALL,12316.5
soddisfazione_vita,ITC47,2022,total,all items,ALL,16180.7
soddisfazione_vita,ITC47,2022,total,all items,ALL,16180.7
soddisfazione_vita,ITC47,2022,total,all items,ALL,67307.0
soddisfazione_vita,ITC47,2022,total,all items,ALL,67307.0
soddisfazione_vita,ITC47,2022,total,all items,ALL,115305.2
soddisfazione_vita,ITC47,2022,total,all items,ALL,115305.2
soddisfazione_vita,ITC47,2022,total,all items,ALL,216707.7
soddisfazione_vita,ITC47,2022,total,all items,ALL,216707.7
soddisfazione_vita,ITC47,2022,total,all items,ALL,336297.0
soddisfazione_vita,ITC47,2022,total,all items,ALL,336297.0
soddisfazione_vita,ITC47,2022,total,all items,ALL,146635.3
soddisfazione_vita,ITC47,2022,total,all items,ALL,146635.3
soddisfazione_vita,ITC47,2022,females,no answer,NO_ANSWER,5613.2
soddisfazione_vita,ITC47,2022,males,no answer,NO_ANSWER,6535.3
soddisfazione_vita,ITC47,2022,total,no answer,NO_ANSWER,12148.5
soddisfazione_vita,ITC47,2022,females,0,SA_0,5465.8
soddisfazione_vita,ITC47,2022,males,0,SA_0,5165.1
soddisfazione_vita,ITC47,2022,total,0,SA_0,10630.9
soddisfazione_vita,ITC47,2022,females,1,SA_1,3043.9
soddisfazione_vita,ITC47,2022,males,1,SA_1,2661.2
soddisfazione_vita,ITC47,2022,total,1,SA_1,5705.1
soddisfazione_vita,ITC47,2022,females,10,SA_10,73172.7
soddisfazione_vita,ITC47,2022,males,10,SA_10,84347.6
soddisfazione_vita,ITC47,2022,total,10,SA_10,157520.3
soddisfazione_vita,ITC47,2022,females,2,SA_2,4639.0
soddisfazione_vita,ITC47,2022,males,2,SA_2,2841.8
soddisfazione_vita,ITC47,2022,total,2,SA_2,7480.9
soddisfazione_vita,ITC47,2022,females,3,SA_3,6978.3
soddisfazione_vita,ITC47,2022,males,3,SA_3,5338.2
soddisfazione_vita,ITC47,2022,total,3,SA_3,12316.5
soddisfazione_vita,ITC47,2022,females,4,SA_4,8110.8
soddisfazione_vita,ITC47,2022,males,4,SA_4,8069.9
soddisfazione_vita,ITC47,2022,total,4,SA_4,16180.7
soddisfazione_vita,ITC47,2022,females,5,SA_5,37360.8
soddisfazione_vita,ITC47,2022,males,5,SA_5,29946.2
soddisfazione_vita,ITC47,2022,total,5,SA_5,67307.0
soddisfazione_vita,ITC47,2022,females,6,SA_6,61572.5
soddisfazione_vita,ITC47,2022,males,6,SA_6,53732.7
soddisfazione_vita,ITC47,2022,total,6,SA_6,115305.2
soddisfazione_vita,ITC47,2022,females,7,SA_7,110461.3
soddisfazione_vita,ITC47,2022,males,7,SA_7,106246.4
soddisfazione_vita,ITC47,2022,total,7,SA_7,216707.7
soddisfazione_vita,ITC47,2022,females,8,SA_8,171637.0
soddisfazione_vita,ITC47,2022,males,8,SA_8,164660.0
soddisfazione_vita,ITC47,2022,total,8,SA_8,336297.0
soddisfazione_vita,ITC47,2022,females,9,SA_9,71563.6
soddisfazione_vita,ITC47,2022,males,9,SA_9,75071.7
soddisfazione_vita,ITC47,2022,total,9,SA_9,146635.3
soddisfazione_vita,ITC47,2023,females,all items,ALL,562279.0
soddisfazione_vita,ITC47,2023,females,all items,ALL,562279.0
soddisfazione_vita,ITC47,2023,females,all items,ALL,562279.0
soddisfazione_vita,ITC47,2023,females,all items,ALL,10857.5
soddisfazione_vita,ITC47,2023,females,all items,ALL,10857.5
soddisfazione_vita,ITC47,2023,females,all items,ALL,5947.5
soddisfazione_vita,ITC47,2023,females,all items,ALL,5947.5
soddisfazione_vita,ITC47,2023,females,all items,ALL,3083.3
soddisfazione_vita,ITC47,2023,females,all items,ALL,3083.3
soddisfazione_vita,ITC47,2023,females,all items,ALL,71886.3
soddisfazione_vita,ITC47,2023,females,all items,ALL,71886.3
soddisfazione_vita,ITC47,2023,females,all items,ALL,4494.0
soddisfazione_vita,ITC47,2023,females,all items,ALL,4494.0
soddisfazione_vita,ITC47,2023,females,all items,ALL,7072.4
soddisfazione_vita,ITC47,2023,females,all items,ALL,7072.4
soddisfazione_vita,ITC47,2023,females,all items,ALL,10902.9
soddisfazione_vita,ITC47,2023,females,all items,ALL,10902.9
soddisfazione_vita,ITC47,2023,females,all items,ALL,37788.9
soddisfazione_vita,ITC47,2023,females,all items,ALL,37788.9
soddisfazione_vita,ITC47,2023,females,all items,ALL,58651.3
soddisfazione_vita,ITC47,2023,females,all items,ALL,58651.3
soddisfazione_vita,ITC47,2023,females,all items,ALL,112609.2
soddisfazione_vita,ITC47,2023,females,all items,ALL,112609.2
soddisfazione_vita,ITC47,2023,females,all items,ALL,168329.9
soddisfazione_vita,ITC47,2023,females,all items,ALL,168329.9
soddisfazione_vita,ITC47,2023,females,all items,ALL,70655.9
soddisfazione_vita,ITC47,2023,females,all items,ALL,70655.9
soddisfazione_vita,ITC47,2023,males,all items,ALL,549056.0
soddisfazione_vita,ITC47,2023,males,all items,ALL,549056.0
soddisfazione_vita,ITC47,2023,males,all items,ALL,549056.0
soddisfazione_vita,ITC47,2023,males,all items,ALL,11850.2
soddisfazione_vita,ITC47,2023,males,all items,ALL,11850.2
soddisfazione_vita,ITC47,2023,males,all items,ALL,5892.7
soddisfazione_vita,ITC47,2023,males,all items,ALL,5892.7
soddisfazione_vita,ITC47,2023,males,all items,ALL,2848.2
soddisfazione_vita,ITC47,2023,males,all items,ALL,2848.2
soddisfazione_vita,ITC47,2023,males,all items,ALL,77156.7
soddisfazione_vita,ITC47,2023,males,all items,ALL,77156.7
soddisfazione_vita,ITC47,2023,males,all items,ALL,3799.3
soddisfazione_vita,ITC47,2023,males,all items,ALL,3799.3
soddisfazione_vita,ITC47,2023,males,all items,ALL,5694.4
soddisfazione_vita,ITC47,2023,males,all items,ALL,5694.4
soddisfazione_vita,ITC47,2023,males,all items,ALL,8227.3
soddisfazione_vita,ITC47,2023,males,all items,ALL,8227.3
soddisfazione_vita,ITC47,2023,males,all items,ALL,33303.1
soddisfazione_vita,ITC47,2023,males,all items,ALL,33303.1
soddisfazione_vita,ITC47,2023,males,all items,ALL,54379.7
soddisfazione_vita,ITC47,2023,males,all items,ALL,54379.7
soddisfazione_vita,ITC47,2023,males,all items,ALL,106615.3
soddisfazione_vita,ITC47,2023,males,all items,ALL,106615.3
soddisfazione_vita,ITC47,2023,males,all items,ALL,166653.8
soddisfazione_vita,ITC47,2023,males,all items,ALL,166653.8
soddisfazione_vita,ITC47,2023,males,all items,ALL,72635.3
soddisfazione_vita,ITC47,2023,males,all items,ALL,72635.3
soddisfazione_vita,ITC47,2023,total,all items,ALL,1111335.0
soddisfazione_vita,ITC47,2023,total,all items,ALL,1111335.0
soddisfazione_vita,ITC47,2023,total,all items,ALL,1111335.0
soddisfazione_vita,ITC47,2023,total,all items,ALL,22707.7
soddisfazione_vita,ITC47,2023,total,all items,ALL,22707.7
soddisfazione_vita,ITC47,2023,total,all items,ALL,11840.2
soddisfazione_vita,ITC47,2023,total,all items,ALL,11840.2
soddisfazione_vita,ITC47,2023,total,all items,ALL,5931.5
soddisfazione_vita,ITC47,2023,total,all items,ALL,5931.5
soddisfazione_vita,ITC47,2023,total,all items,ALL,149043.0
soddisfazione_vita,ITC47,2023,total,all items,ALL,149043.0
soddisfazione_vita,ITC47,2023,total,all items,ALL,8293.3
soddisfazione_vita,ITC47,2023,total,all items,ALL,8293.3
soddisfazione_vita,ITC47,2023,total,all items,ALL,12766.8
soddisfazione_vita,ITC47,2023,total,all items,ALL,12766.8
soddisfazione_vita,ITC47,2023,total,all items,ALL,19130.2
soddisfazione_vita,ITC47,2023,total,all items,ALL,19130.2
soddisfazione_vita,ITC47,2023,total,all items,ALL,71092.0
soddisfazione_vita,ITC47,2023,total,all items,ALL,71092.0
soddisfazione_vita,ITC47,2023,total,all items,ALL,113031.0
soddisfazione_vita,ITC47,2023,total,all items,ALL,113031.0
soddisfazione_vita,ITC47,2023,total,all items,ALL,219224.5
soddisfazione_vita,ITC47,2023,total,all items,ALL,219224.5
soddisfazione_vita,ITC47,2023,total,all items,ALL,334983.7
soddisfazione_vita,ITC47,2023,total,all items,ALL,334983.7
soddisfazione_vita,ITC47,2023,total,all items,ALL,143291.2
soddisfazione_vita,ITC47,2023,total,all items,ALL,143291.2
soddisfazione_vita,ITC47,2023,females,no answer,NO_ANSWER,10857.5
soddisfazione_vita,ITC47,2023,males,no answer,NO_ANSWER,11850.2
soddisfazione_vita,ITC47,2023,total,no answer,NO_ANSWER,22707.7
soddisfazione_vita,ITC47,2023,females,0,SA_0,5947.5
soddisfazione_vita,ITC47,2023,males,0,SA_0,5892.7
soddisfazione_vita,ITC47,2023,total,0,SA_0,11840.2
soddisfazione_vita,ITC47,2023,females,1,SA_1,3083.3
soddisfazione_vita,ITC47,2023,males,1,SA_1,2848.2
soddisfazione_vita,ITC47,2023,total,1,SA_1,5931.5
soddisfazione_vita,ITC47,2023,females,10,SA_10,71886.3
soddisfazione_vita,ITC47,2023,males,10,SA_10,77156.7
soddisfazione_vita,ITC47,2023,total,10,SA_10,149043.0
soddisfazione_vita,ITC47,2023,females,2,SA_2,4494.0
soddisfazione_vita,ITC47,2023,males,2,SA_2,3799.3
soddisfazione_vita,ITC47,2023,total,2,SA_2,8293.3
soddisfazione_vita,ITC47,2023,females,3,SA_3,7072.4
soddisfazione_vita,ITC47,2023,males,3,SA_3,5694.4
soddisfazione_vita,ITC47,2023,total,3,SA_3,12766.8
soddisfazione_vita,ITC47,2023,females,4,SA_4,10902.9
soddisfazione_vita,ITC47,2023,males,4,SA_4,8227.3
soddisfazione_vita,ITC47,2023,total,4,SA_4,19130.2
soddisfazione_vita,ITC47,2023,females,5,SA_5,37788.9
soddisfazione_vita,ITC47,2023,males,5,SA_5,33303.1
soddisfazione_vita,ITC47,2023,total,5,SA_5,71092.0
soddisfazione_vita,ITC47,2023,females,6,SA_6,58651.3
soddisfazione_vita,ITC47,2023,males,6,SA_6,54379.7
soddisfazione_vita,ITC47,2023,total,6,SA_6,113031.0
soddisfazione_vita,ITC47,2023,females,7,SA_7,112609.2
soddisfazione_vita,ITC47,2023,males,7,SA_7,106615.3
soddisfazione_vita,ITC47,2023,total,7,SA_7,219224.5
soddisfazione_vita,ITC47,2023,females,8,SA_8,168329.9
soddisfazione_vita,ITC47,2023,males,8,SA_8,166653.8
soddisfazione_vita,ITC47,2023,total,8,SA_8,334983.7
soddisfazione_vita,ITC47,2023,females,9,SA_9,70655.9
soddisfazione_vita,ITC47,2023,males,9,SA_9,72635.3
soddisfazione_vita,ITC47,2023,total,9,SA_9,143291.2
soddisfazione_vita,ITC47,2024,females,all items,ALL,565622.0
soddisfazione_vita,ITC47,2024,females,all items,ALL,565622.0
soddisfazione_vita,ITC47,2024,females,all items,ALL,565622.0
soddisfazione_vita,ITC47,2024,females,all items,ALL,5541.7
soddisfazione_vita,ITC47,2024,females,all items,ALL,5541.7
soddisfazione_vita,ITC47,2024,females,all items,ALL,4812.2
soddisfazione_vita,ITC47,2024,females,all items,ALL,4812.2
soddisfazione_vita,ITC47,2024,females,all items,ALL,3048.5
soddisfazione_vita,ITC47,2024,females,all items,ALL,3048.5
soddisfazione_vita,ITC47,2024,females,all items,ALL,76937.6
soddisfazione_vita,ITC47,2024,females,all items,ALL,76937.6
soddisfazione_vita,ITC47,2024,females,all items,ALL,4094.1
soddisfazione_vita,ITC47,2024,females,all items,ALL,4094.1
soddisfazione_vita,ITC47,2024,females,all items,ALL,6632.7
soddisfazione_vita,ITC47,2024,females,all items,ALL,6632.7
soddisfazione_vita,ITC47,2024,females,all items,ALL,9695.4
soddisfazione_vita,ITC47,2024,females,all items,ALL,9695.4
soddisfazione_vita,ITC47,2024,females,all items,ALL,36827.8
soddisfazione_vita,ITC47,2024,females,all items,ALL,36827.8
soddisfazione_vita,ITC47,2024,females,all items,ALL,57870.8
soddisfazione_vita,ITC47,2024,females,all items,ALL,57870.8
soddisfazione_vita,ITC47,2024,females,all items,ALL,112739.4
soddisfazione_vita,ITC47,2024,females,all items,ALL,112739.4
soddisfazione_vita,ITC47,2024,females,all items,ALL,169143.1
soddisfazione_vita,ITC47,2024,females,all items,ALL,169143.1
soddisfazione_vita,ITC47,2024,females,all items,ALL,78278.9
soddisfazione_vita,ITC47,2024,females,all items,ALL,78278.9
soddisfazione_vita,ITC47,2024,males,all items,ALL,554437.0
soddisfazione_vita,ITC47,2024,males,all items,ALL,554437.0
soddisfazione_vita,ITC47,2024,males,all items,ALL,554437.0
soddisfazione_vita,ITC47,2024,males,all items,ALL,4329.7
soddisfazione_vita,ITC47,2024,males,all items,ALL,4329.7
soddisfazione_vita,ITC47,2024,males,all items,ALL,5193.8
soddisfazione_vita,ITC47,2024,males,all items,ALL,5193.8
soddisfazione_vita,ITC47,2024,males,all items,ALL,2445.0
soddisfazione_vita,ITC47,2024,males,all items,ALL,2445.0
soddisfazione_vita,ITC47,2024,males,all items,ALL,82176.6
soddisfazione_vita,ITC47,2024,males,all items,ALL,82176.6
soddisfazione_vita,ITC47,2024,males,all items,ALL,4017.7
soddisfazione_vita,ITC47,2024,males,all items,ALL,4017.7
soddisfazione_vita,ITC47,2024,males,all items,ALL,5248.3
soddisfazione_vita,ITC47,2024,males,all items,ALL,5248.3
soddisfazione_vita,ITC47,2024,males,all items,ALL,8456.6
soddisfazione_vita,ITC47,2024,males,all items,ALL,8456.6
soddisfazione_vita,ITC47,2024,males,all items,ALL,33387.9
soddisfazione_vita,ITC47,2024,males,all items,ALL,33387.9
soddisfazione_vita,ITC47,2024,males,all items,ALL,52309.6
soddisfazione_vita,ITC47,2024,males,all items,ALL,52309.6
soddisfazione_vita,ITC47,2024,males,all items,ALL,105034.0
soddisfazione_vita,ITC47,2024,males,all items,ALL,105034.0
soddisfazione_vita,ITC47,2024,males,all items,ALL,171512.3
soddisfazione_vita,ITC47,2024,males,all items,ALL,171512.3
soddisfazione_vita,ITC47,2024,males,all items,ALL,80325.4
soddisfazione_vita,ITC47,2024,males,all items,ALL,80325.4
soddisfazione_vita,ITC47,2024,total,all items,ALL,1120059.0
soddisfazione_vita,ITC47,2024,total,all items,ALL,1120059.0
soddisfazione_vita,ITC47,2024,total,all items,ALL,1120059.0
soddisfazione_vita,ITC47,2024,total,all items,ALL,9871.4
soddisfazione_vita,ITC47,2024,total,all items,ALL,9871.4
soddisfazione_vita,ITC47,2024,total,all items,ALL,10006.0
soddisfazione_vita,ITC47,2024,total,all items,ALL,10006.0
soddisfazione_vita,ITC47,2024,total,all items,ALL,5493.5
soddisfazione_vita,ITC47,2024,total,all items,ALL,5493.5
soddisfazione_vita,ITC47,2024,total,all items,ALL,159114.1
soddisfazione_vita,ITC47,2024,total,all items,ALL,159114.1
soddisfazione_vita,ITC47,2024,total,all items,ALL,8111.8
soddisfazione_vita,ITC47,2024,total,all items,ALL,8111.8
soddisfazione_vita,ITC47,2024,total,all items,ALL,11881.0
soddisfazione_vita,ITC47,2024,total,all items,ALL,11881.0
soddisfazione_vita,ITC47,2024,total,all items,ALL,18152.0
soddisfazione_vita,ITC47,2024,total,all items,ALL,18152.0
soddisfazione_vita,ITC47,2024,total,all items,ALL,70215.7
soddisfazione_vita,ITC47,2024,total,all items,ALL,70215.7
soddisfazione_vita,ITC47,2024,total,all items,ALL,110180.3
soddisfazione_vita,ITC47,2024,total,all items,ALL,110180.3
soddisfazione_vita,ITC47,2024,total,all items,ALL,217773.4
soddisfazione_vita,ITC47,2024,total,all items,ALL,217773.4
soddisfazione_vita,ITC47,2024,total,all items,ALL,340655.4
soddisfazione_vita,ITC47,2024,total,all items,ALL,340655.4
soddisfazione_vita,ITC47,2024,total,all items,ALL,158604.3
soddisfazione_vita,ITC47,2024,total,all items,ALL,158604.3
soddisfazione_vita,ITC47,2024,females,no answer,NO_ANSWER,5541.7
soddisfazione_vita,ITC47,2024,males,no answer,NO_ANSWER,4329.7
soddisfazione_vita,ITC47,2024,total,no answer,NO_ANSWER,9871.4
soddisfazione_vita,ITC47,2024,females,0,SA_0,4812.2
soddisfazione_vita,ITC47,2024,males,0,SA_0,5193.8
soddisfazione_vita,ITC47,2024,total,0,SA_0,10006.0
soddisfazione_vita,ITC47,2024,females,1,SA_1,3048.5
soddisfazione_vita,ITC47,2024,males,1,SA_1,2445.0
soddisfazione_vita,ITC47,2024,total,1,SA_1,5493.5
soddisfazione_vita,ITC47,2024,females,10,SA_10,76937.6
soddisfazione_vita,ITC47,2024,males,10,SA_10,82176.6
soddisfazione_vita,ITC47,2024,total,10,SA_10,159114.1
soddisfazione_vita,ITC47,2024,females,2,SA_2,4094.1
soddisfazione_vita,ITC47,2024,males,2,SA_2,4017.7
soddisfazione_vita,ITC47,2024,total,2,SA_2,8111.8
soddisfazione_vita,ITC47,2024,females,3,SA_3,6632.7
soddisfazione_vita,ITC47,2024,males,3,SA_3,5248.3
soddisfazione_vita,ITC47,2024,total,3,SA_3,11881.0
soddisfazione_vita,ITC47,2024,females,4,SA_4,9695.4
soddisfazione_vita,ITC47,2024,males,4,SA_4,8456.6
soddisfazione_vita,ITC47,2024,total,4,SA_4,18152.0
soddisfazione_vita,ITC47,2024,females,5,SA_5,36827.8
soddisfazione_vita,ITC47,2024,males,5,SA_5,33387.9
soddisfazione_vita,ITC47,2024,total,5,SA_5,70215.7
soddisfazione_vita,ITC47,2024,females,6,SA_6,57870.8
soddisfazione_vita,ITC47,2024,males,6,SA_6,52309.6
soddisfazione_vita,ITC47,2024,total,6,SA_6,110180.3
soddisfazione_vita,ITC47,2024,females,7,SA_7,112739.4
soddisfazione_vita,ITC47,2024,males,7,SA_7,105034.0
soddisfazione_vita,ITC47,2024,total,7,SA_7,217773.4
soddisfazione_vita,ITC47,2024,females,8,SA_8,169143.1
soddisfazione_vita,ITC47,2024,males,8,SA_8,171512.3
soddisfazione_vita,ITC47,2024,total,8,SA_8,340655.4
soddisfazione_vita,ITC47,2024,females,9,SA_9,78278.9
soddisfazione_vita,ITC47,2024,males,9,SA_9,80325.4
soddisfazione_vita,ITC47,2024,total,9,SA_9,158604.3
