id_sensore,id_stazione,stazione,comune,parametro,unita_misura,quota,lat,lng,data_inizio,data_fine
6820,656,Gambara v.Parma,Gambara,Particolato Totale Sospeso,µg/m³,47,45.24955194,10.29913000,1990-02-16,2004-08-10
6782,652,Brescia v.Turati,Brescia,Monossido di Carbonio,mg/m³,154,45.53953611,10.23178722,1999-01-12,
6767,649,Brescia v.Broletto,Brescia,Ozono,µg/m³,149,45.54006456,10.22281989,1983-01-01,2004-02-27
6864,661,Rezzato v.De Gasperi,Rezzato,Ossidi di Azoto,µg/m³,147,45.51571417,10.33624003,1992-08-05,
20570,659,Odolo v.Praes,Odolo,Ozono,µg/m³,349,45.64605175,10.38929672,2023-01-03,
10270,655,Darfo Boario Terme v. De Amicis,Darfo Boario Terme,Ozono,µg/m³,221,45.87460256,10.17736553,2007-01-01,2023-07-12
6801,654,Sarezzo v.Minelli,Sarezzo,Monossido di Carbonio,mg/m³,269,45.64962671,10.20509022,1990-02-18,2023-01-03
6777,651,Brescia v.Triumplina,Brescia,Monossido di Carbonio,mg/m³,175,45.57159144,10.23148892,1999-01-15,2005-10-19
6842,659,Odolo v.Praes,Odolo,Biossido di Zolfo,µg/m³,349,45.64605175,10.38929672,1990-10-08,2004-07-20
12589,669,Brescia Villaggio Sereno,Brescia,Arsenico,ng/m³,70,45.51306214,10.19190606,2008-04-01,
20569,1801,Brescia v.Tartaglia,Brescia,Monossido di Carbonio,mg/m³,151,45.54264789,10.21120522,2023-01-03,
20759,1322,DarfoBT,Darfo Boario Terme,Biossido di Azoto,µg/m³,221,45.87626097,10.17883506,2024-03-07,
6814,656,Gambara v.Parma,Gambara,Biossido di Zolfo,µg/m³,47,45.24955194,10.29913000,1990-02-16,2012-01-04
30158,649,Brescia v.Broletto,Brescia,Particelle sospese PM2.5,µg/m³,149,45.54006456,10.22281989,2013-12-13,
6745,647,Breno v.Don Putelli,Breno,Biossido di Zolfo,µg/m³,342,45.95683656,10.30106589,1992-06-09,2003-11-18
10501,655,Darfo Boario Terme v. De Amicis,Darfo Boario Terme,PM10 (SM2005),µg/m³,221,45.87460256,10.17736553,2008-12-23,2023-07-12
30162,669,Brescia Villaggio Sereno,Brescia,Ossidi di Azoto,µg/m³,70,45.51306214,10.19190606,2013-01-22,
20564,1801,Brescia v.Tartaglia,Brescia,Particelle sospese PM2.5,µg/m³,151,45.54264789,10.21120522,2022-05-25,
6840,658,Manerbio v.Solferino,Manerbio,Ossidi di Azoto,µg/m³,66,45.34995906,10.14475383,1992-08-28,2015-03-03
30160,655,Darfo Boario Terme v. De Amicis,Darfo Boario Terme,Biossido di Azoto,µg/m³,221,45.87460256,10.17736553,2013-12-13,2023-07-12
6775,651,Brescia v.Triumplina,Brescia,Biossido di Azoto,µg/m³,175,45.57159144,10.23148892,1999-01-15,2005-10-19
30163,669,Brescia Villaggio Sereno,Brescia,Biossido di Azoto,µg/m³,70,45.51306214,10.19190606,2013-12-13,
6827,657,Lonato del Garda v.del Marchesino,Lonato del Garda,Biossido di Zolfo,µg/m³,180,45.46375819,10.48078183,1990-02-16,2004-08-18
6748,647,Breno v.Don Putelli,Breno,Ossidi di Azoto,µg/m³,342,45.95683656,10.30106589,1992-06-09,2018-07-30
6791,653,Brescia v.Ziziola,Brescia,Ozono,µg/m³,125,45.51456611,10.21846492,1997-10-15,2018-01-01
10299,653,Brescia v.Ziziola,Brescia,Benzene,µg/m³,125,45.51456611,10.21846492,1997-10-15,2018-07-30
6838,658,Manerbio v.Solferino,Manerbio,Biossido di Zolfo,µg/m³,66,45.34995906,10.14475383,1992-08-27,2003-09-15
6790,653,Brescia v.Ziziola,Brescia,Ossidi di Azoto,µg/m³,125,45.51456611,10.21846492,1997-10-15,2018-07-30
12603,655,Darfo Boario Terme v. De Amicis,Darfo Boario Terme,Cadmio,ng/m³,221,45.87460256,10.17736553,2008-04-18,2025-12-31
6852,660,Ospitaletto v. XXV aprile,Ospitaletto,Biossido di Azoto,µg/m³,155,45.55325867,10.08492175,1990-02-16,2018-07-30
6966,669,Brescia Villaggio Sereno,Brescia,Biossido di Zolfo,µg/m³,70,45.51306214,10.19190606,2004-11-24,
6799,654,Sarezzo v.Minelli,Sarezzo,Biossido di Zolfo,µg/m³,269,45.64962671,10.20509022,1990-02-18,2007-01-30
20753,1322,DarfoBT,Darfo Boario Terme,PM10 (SM2005),µg/m³,221,45.87626097,10.17883506,2024-02-28,
6856,660,Ospitaletto v. XXV aprile,Ospitaletto,Ossidi di Azoto,µg/m³,155,45.55325867,10.08492175,1990-01-01,2018-07-30
20754,1322,DarfoBT,Darfo Boario Terme,Benzene,µg/m³,221,45.87626097,10.17883506,2024-03-08,
6826,657,Lonato del Garda v.del Marchesino,Lonato del Garda,Biossido di Azoto,µg/m³,180,45.46375819,10.48078183,1990-02-16,
9984,669,Brescia Villaggio Sereno,Brescia,Particelle sospese PM2.5,µg/m³,70,45.51306214,10.19190606,2006-06-06,
12602,655,Darfo Boario Terme v. De Amicis,Darfo Boario Terme,Arsenico,ng/m³,221,45.87460256,10.17736553,2008-04-18,2025-12-31
6789,653,Brescia v.Ziziola,Brescia,Monossido di Carbonio,mg/m³,125,45.51456611,10.21846492,1997-10-15,2018-07-30
6831,657,Lonato del Garda v.del Marchesino,Lonato del Garda,Ossidi di Azoto,µg/m³,180,45.46375819,10.48078183,1990-01-01,
20758,1322,DarfoBT,Darfo Boario Terme,Ossidi di Azoto,µg/m³,221,45.87626097,10.17883506,2024-03-07,
6853,660,Ospitaletto v. XXV aprile,Ospitaletto,Biossido di Zolfo,µg/m³,155,45.55325867,10.08492175,1990-02-16,2003-09-16
6867,662,Vobarno v.Sottostrada,Vobarno,Biossido di Zolfo,µg/m³,242,45.63636078,10.51296192,1990-02-16,2012-01-04
10450,655,Darfo Boario Terme v. De Amicis,Darfo Boario Terme,Particelle sospese PM2.5,µg/m³,221,45.87460256,10.17736553,2008-12-23,2023-07-12
6762,649,Brescia v.Broletto,Brescia,Biossido di Zolfo,µg/m³,149,45.54006456,10.22281989,1983-01-01,2000-06-06
6857,660,Ospitaletto v. XXV aprile,Ospitaletto,Ozono,µg/m³,155,45.55325867,10.08492175,2000-06-29,2004-02-25
6841,659,Odolo v.Praes,Odolo,Biossido di Azoto,µg/m³,349,45.64605175,10.38929672,2013-12-13,
6860,661,Rezzato v.De Gasperi,Rezzato,Biossido di Zolfo,µg/m³,147,45.51571417,10.33624003,1992-08-05,2003-09-17
6813,656,Gambara v.Parma,Gambara,Biossido di Azoto,µg/m³,47,45.24955194,10.29913000,1990-02-16,
6817,656,Gambara v.Parma,Gambara,Ossidi di Azoto,µg/m³,47,45.24955194,10.29913000,1990-01-01,
6810,655,Darfo Boario Terme v. De Amicis,Darfo Boario Terme,Particolato Totale Sospeso,µg/m³,221,45.87460256,10.17736553,1999-01-01,2004-07-15
6786,653,Brescia v.Ziziola,Brescia,Biossido di Azoto,µg/m³,125,45.51456611,10.21846492,1997-10-15,2018-07-30
6793,653,Brescia v.Ziziola,Brescia,Particolato Totale Sospeso,µg/m³,125,45.51456611,10.21846492,2005-07-19,2013-11-17
6845,659,Odolo v.Praes,Odolo,Ossidi di Azoto,µg/m³,349,45.64605175,10.38929672,1990-10-08,
20491,1800,Brescia S.Polo,Brescia,Biossido di Azoto,µg/m³,124,45.50866680,10.25637025,2020-12-07,
20752,1322,DarfoBT,Darfo Boario Terme,Particelle sospese PM2.5,µg/m³,221,45.87626097,10.17883506,2024-02-28,
6818,656,Gambara v.Parma,Gambara,Ozono,µg/m³,47,45.24955194,10.29913000,1990-02-15,
6766,649,Brescia v.Broletto,Brescia,Ossidi di Azoto,µg/m³,149,45.54006456,10.22281989,1992-08-05,
12601,655,Darfo Boario Terme v. De Amicis,Darfo Boario Terme,Nikel,ng/m³,221,45.87460256,10.17736553,2008-04-18,2025-12-31
6954,661,Rezzato v.De Gasperi,Rezzato,PM10 (SM2005),µg/m³,147,45.51571417,10.33624003,1997-01-27,
12591,669,Brescia Villaggio Sereno,Brescia,Piombo,ng/m³,70,45.51306214,10.19190606,2008-04-01,
30159,655,Darfo Boario Terme v. De Amicis,Darfo Boario Terme,Ossidi di Azoto,µg/m³,221,45.87460256,10.17736553,2013-01-23,2023-07-12
6952,654,Sarezzo v.Minelli,Sarezzo,PM10 (SM2005),µg/m³,269,45.64962671,10.20509022,2000-06-23,
20751,1322,DarfoBT,Darfo Boario Terme,Ozono,µg/m³,221,45.87626097,10.17883506,2024-02-28,
6804,654,Sarezzo v.Minelli,Sarezzo,Ozono,µg/m³,269,45.64962671,10.20509022,2004-03-12,
30165,669,Brescia Villaggio Sereno,Brescia,Ozono,µg/m³,70,45.51306214,10.19190606,2013-12-13,
6803,654,Sarezzo v.Minelli,Sarezzo,Ossidi di Azoto,µg/m³,269,45.64962671,10.20509022,1990-01-01,
12590,669,Brescia Villaggio Sereno,Brescia,Cadmio,ng/m³,70,45.51306214,10.19190606,2008-04-01,
6953,659,Odolo v.Praes,Odolo,PM10 (SM2005),µg/m³,349,45.64605175,10.38929672,2000-06-23,
6798,654,Sarezzo v.Minelli,Sarezzo,Biossido di Azoto,µg/m³,269,45.64962671,10.20509022,1990-02-18,
6784,652,Brescia v.Turati,Brescia,Ossidi di Azoto,µg/m³,154,45.53953611,10.23178722,1999-10-01,
6862,661,Rezzato v.De Gasperi,Rezzato,Monossido di Carbonio,mg/m³,147,45.51571417,10.33624003,1999-11-24,2023-02-20
20495,1801,Brescia v.Tartaglia,Brescia,Biossido di Azoto,µg/m³,151,45.54264789,10.21120522,2020-12-07,
6779,651,Brescia v.Triumplina,Brescia,Ossidi di Azoto,µg/m³,175,45.57159144,10.23148892,1999-01-16,2005-10-18
30166,652,Brescia v.Turati,Brescia,Benzene,µg/m³,154,45.53953611,10.23178722,2016-01-01,
6781,652,Brescia v.Turati,Brescia,Biossido di Azoto,µg/m³,154,45.53953611,10.23178722,1999-01-13,
10300,660,Ospitaletto v. XXV aprile,Ospitaletto,Monossido di Carbonio,mg/m³,155,45.55325867,10.08492175,2007-08-02,2018-07-30
20493,1801,Brescia v.Tartaglia,Brescia,Ossidi di Azoto,µg/m³,151,45.54264789,10.21120522,2021-01-01,
6744,647,Breno v.Don Putelli,Breno,Biossido di Azoto,µg/m³,342,45.95683656,10.30106589,1992-06-09,2018-07-30
17163,655,Darfo Boario Terme v. De Amicis,Darfo Boario Terme,Benzene,µg/m³,221,45.87460256,10.17736553,2012-10-05,2023-07-12
9961,669,Brescia Villaggio Sereno,Brescia,PM10 (SM2005),µg/m³,70,45.51306214,10.19190606,2006-01-01,
12593,669,Brescia Villaggio Sereno,Brescia,Benzo(a)pirene,ng/m³,70,45.51306214,10.19190606,2008-04-18,
6859,661,Rezzato v.De Gasperi,Rezzato,Biossido di Azoto,µg/m³,147,45.51571417,10.33624003,1992-08-05,
12605,655,Darfo Boario Terme v. De Amicis,Darfo Boario Terme,Benzo(a)pirene,ng/m³,221,45.87460256,10.17736553,2008-04-17,2025-12-31
12604,655,Darfo Boario Terme v. De Amicis,Darfo Boario Terme,Piombo,ng/m³,221,45.87460256,10.17736553,2008-04-18,2025-12-31
12588,669,Brescia Villaggio Sereno,Brescia,Nikel,ng/m³,70,45.51306214,10.19190606,2008-04-01,
6787,653,Brescia v.Ziziola,Brescia,Biossido di Zolfo,µg/m³,125,45.51456611,10.21846492,1997-10-15,2012-01-04
20497,1801,Brescia v.Tartaglia,Brescia,Benzene,µg/m³,151,45.54264789,10.21120522,2020-12-07,
6967,669,Brescia Villaggio Sereno,Brescia,Monossido di Carbonio,mg/m³,70,45.51306214,10.19190606,2004-04-12,2012-01-04
20492,1800,Brescia S.Polo,Brescia,Particelle sospese PM2.5,µg/m³,124,45.50866680,10.25637025,2020-12-07,
6951,649,Brescia v.Broletto,Brescia,PM10 (SM2005),µg/m³,149,45.54006456,10.22281989,2000-09-23,
6832,657,Lonato del Garda v.del Marchesino,Lonato del Garda,Ozono,µg/m³,180,45.46375819,10.48078183,2004-03-14,
6837,658,Manerbio v.Solferino,Manerbio,Biossido di Azoto,µg/m³,66,45.34995906,10.14475383,1992-08-28,2015-03-03
6807,655,Darfo Boario Terme v. De Amicis,Darfo Boario Terme,Biossido di Zolfo,µg/m³,221,45.87460256,10.17736553,1999-01-01,2009-11-13
20496,1801,Brescia v.Tartaglia,Brescia,PM10 (SM2005),µg/m³,151,45.54264789,10.21120522,2020-12-08,
6764,649,Brescia v.Broletto,Brescia,Monossido di Carbonio,mg/m³,149,45.54006456,10.22281989,1983-01-01,2023-02-06
20489,1800,Brescia S.Polo,Brescia,Ossidi di Azoto,µg/m³,124,45.50866680,10.25637025,2021-01-01,
6761,649,Brescia v.Broletto,Brescia,Biossido di Azoto,µg/m³,149,45.54006456,10.22281989,1983-01-01,
4047,145,Darfo Boario Terme,,Direzione Vento,°,222,45.87460210,10.17735680,2002-06-06,2023-07-18
109,55,Edolo Parnigò,,Livello Idrometrico,cm,655,46.17424525,10.31516333,2001-12-01,2021-01-10
14565,1377,Capo di Ponte v.Bona,,Livello Idrometrico,cm,366,46.03038681,10.34189741,2025-01-01,
22599,1986,Darfo Boario Terme Cappellino,,Temperatura,°C,215,45.87434965,10.17126954,2025-08-22,
9397,1237,Monno,,Umidità Relativa,%,1728,46.25030272,10.30880700,2009-02-17,
17561,1879,Montichiari Boschetti,,Precipitazione,mm,92,45.40275984,10.41406192,2018-12-13,
14603,1379,Gargnano,,Radiazione Globale,W/m²,984,45.72996009,10.61740677,2015-07-15,
2401,129,Capo di Ponte v.Briscioli,,Umidità Relativa,%,362,46.02656354,10.34250260,2002-10-30,
17556,1878,Calcinato Ponte Santa Maria,,Livello Idrometrico,cm,125,45.45587333,10.40336666,2025-01-01,
2407,129,Capo di Ponte v.Briscioli,,Direzione Vento,°,362,46.02656354,10.34250260,2003-09-12,
14473,1367,Bagolino SP669,,Umidità Relativa,%,775,45.83860244,10.45219900,2012-12-12,
6806,654,Sarezzo v.Minelli,,Velocità Vento,m/s,269,45.64962671,10.20509022,1990-01-01,2018-12-10
14348,1359,Breno Lago Della Vacca,,Temperatura,°C,2410,45.95749967,10.44272870,2012-12-09,
8103,851,Treviso Bresciano Cavacca,,Precipitazione,mm,1147,45.72416486,10.49916675,1998-01-01,2025-06-04
9014,1237,Monno,,Temperatura,°C,1728,46.25030272,10.30880700,2004-10-11,
6846,659,Odolo v.Praes,,Precipitazione,mm,349,45.64605175,10.38929672,2006-02-22,
31289,1583,Pian Camuno Roncaglia SCM2,,Precipitazione,mm,600,45.83598800,10.16058803,2017-12-06,
22576,1955,Magasa Malga Corva,,Temperatura,°C,1244,45.77409061,10.62758311,2023-06-01,
6850,659,Odolo v.Praes,,Umidità Relativa,%,349,45.64605175,10.38929672,1999-01-01,
32390,1555,Manerba del Garda Dusano,,Livello Idrometrico,cm,73,45.54370100,10.56663509,2025-01-01,
32391,1555,Manerba del Garda Dusano,,Temperatura,°C,73,45.54370100,10.56663509,2017-11-15,
2400,129,Capo di Ponte v.Briscioli,,Temperatura,°C,362,46.02656354,10.34250260,2002-10-30,
19347,1560,Padenghe sul Garda v.Fondrini,,Precipitazione,mm,187,45.51828600,10.50612000,2016-07-14,
8210,910,Manerbio v.Dante,,Livello Idrometrico,cm,60,45.35975344,10.14555158,2025-01-01,
6819,656,Gambara v.Parma,,Precipitazione,mm,47,45.24955194,10.29913000,1990-01-01,
31506,1599,Sellero Zinvill S1,,Temperatura,°C,1000,46.05656602,10.32737507,2017-12-06,
22572,1955,Magasa Malga Corva,,Velocità Vento,m/s,1244,45.77409061,10.62758311,2023-06-01,
2247,117,Edolo Ist.Meneghini,,Radiazione Globale,W/m²,699,46.17572375,10.33339293,1998-07-21,2011-11-16
6835,657,Lonato del Garda v.del Marchesino,,Umidità Relativa,%,180,45.46375819,10.48078183,1999-01-01,
9785,846,Edolo Pantano d`Avio,,Radiazione Globale,W/m²,2108,46.17700799,10.47282844,1993-05-01,
200,65,Saviore dell'Adamello Valle UR01,,Precipitazione,mm,1100,46.06848400,10.42490000,2004-01-01,
14569,1378,Tignale Oldesio,,Umidità Relativa,%,374,45.73263930,10.72090630,2013-07-23,
8137,875,Bagolino Valle Dorizzo,,Precipitazione,mm,1226,45.87777614,10.44694397,2001-06-06,2012-11-13
17360,1548,Gianico Val Vedetta,,Temperatura,°C,1050,45.85427300,10.20175100,2015-05-06,
17446,1692,Bienno Piazze,,Precipitazione,mm,472,45.92751023,10.29124095,2018-07-13,
32345,1359,Breno Lago Della Vacca,,Radiazione Globale,W/m²,2410,45.95749967,10.44272870,2017-07-11,
119,59,Saviore dell'Adamello Rifugio Lissone,,Precipitazione,mm,2017,46.08344458,10.49623769,2001-12-01,2018-08-23
14100,1326,Toscolano-Maderno,,Direzione Vento,°,70,45.63641172,10.61687842,2012-03-22,
14595,1379,Gargnano,,Direzione Vento,°,984,45.72996009,10.61740677,2015-07-15,
14547,1376,Puegnago del Garda,,Umidità Relativa,%,291,45.57983780,10.50033090,2013-04-19,
2461,134,Corzano Bargnano,,Radiazione Globale,W/m²,93,45.43372847,10.03902737,2003-09-12,
14476,1367,Bagolino SP669,,Precipitazione,mm,775,45.83860244,10.45219900,2012-12-12,
9398,1220,Ponte di Legno Case Pirli,,Umidità Relativa,%,1640,46.28969035,10.53105110,2009-02-05,
14568,1378,Tignale Oldesio,,Temperatura,°C,374,45.73263930,10.72090630,2013-07-23,
4042,145,Darfo Boario Terme,,Temperatura,°C,222,45.87460210,10.17735680,2002-12-04,2023-07-18
14411,1365,Bione,,Direzione Vento,°,911,45.66721826,10.32736288,2012-11-18,
30998,1569,Paisco Loveno Grumello,,Precipitazione,mm,1260,46.06698100,10.25587200,2016-10-06,
14119,1324,Limone sul Garda,,Precipitazione,mm,75,45.80683333,10.79005556,2012-03-18,
17565,1879,Montichiari Boschetti,,Radiazione Globale,W/m²,92,45.40275984,10.41406192,2018-12-13,
22011,1890,Tavernole sul Mella Monte Guglielmo,,Precipitazione,mm,1790,45.75389593,10.17540709,2019-10-14,
2414,130,Brescia ITAS Pastori,,Temperatura,°C,149,45.52614578,10.26138219,1995-01-01,
22009,1890,Tavernole sul Mella Monte Guglielmo,,Velocità Vento,m/s,1790,45.75389593,10.17540709,2019-10-14,
22006,1890,Tavernole sul Mella Monte Guglielmo,,Umidità Relativa,%,1790,45.75389593,10.17540709,2019-10-14,
14075,1325,Collio Memmo,,Temperatura,°C,1069,45.81136111,10.31552778,2012-03-15,
108,55,Edolo Parnigò,,Precipitazione,mm,655,46.17424525,10.31516333,2002-04-01,2021-02-03
31290,1583,Pian Camuno Roncaglia SCM2,,Temperatura,°C,600,45.83598800,10.16058803,2017-12-06,
14576,1378,Tignale Oldesio,,Direzione Vento,°,374,45.73263930,10.72090630,2013-07-23,
6824,656,Gambara v.Parma,,Umidità Relativa,%,47,45.24955194,10.29913000,1999-01-01,
8226,904,Paisco Loveno,,Precipitazione,mm,816,46.07861336,10.29694303,2003-06-20,
14055,1324,Limone sul Garda,,Umidità Relativa,%,75,45.80683333,10.79005556,2012-03-13,
16462,1340,Sonico Pal alta,,Precipitazione,mm,1310,46.16319660,10.37720680,2012-10-04,
2460,134,Corzano Bargnano,,Umidità Relativa,%,93,45.43372847,10.03902737,1998-05-03,
19353,1560,Padenghe sul Garda v.Fondrini,,Direzione Vento,°,187,45.51828600,10.50612000,2016-07-14,
110,56,Ponte di Legno Corso Trieste,,Temperatura,°C,1265,46.26098000,10.51034900,2002-04-04,2022-08-24
22598,1986,Darfo Boario Terme Cappellino,,Precipitazione,mm,215,45.87434965,10.17126954,2025-08-22,
8186,878,Darfo Boario Terme SS 42,,Temperatura,°C,205,45.87072956,10.15652706,2003-01-01,2015-12-13
11114,896,Collio S.Colombano,,Umidità Relativa,%,960,45.81111356,10.37527678,2011-08-10,2012-03-15
22571,1955,Magasa Malga Corva,,Altezza Neve,cm,1244,45.77409061,10.62758311,2023-11-30,
118,59,Saviore dell'Adamello Rifugio Lissone,,Temperatura,°C,2017,46.08344458,10.49623769,2001-12-01,2018-08-23
8218,896,Collio S.Colombano,,Temperatura,°C,960,45.81111356,10.37527678,2003-04-09,2012-03-15
22602,1986,Darfo Boario Terme Cappellino,,Umidità Relativa,%,215,45.87434965,10.17126954,2025-08-22,
19346,1560,Padenghe sul Garda v.Fondrini,,Umidità Relativa,%,187,45.51828600,10.50612000,2016-07-14,
8110,826,Gavardo SP 116,,Livello Idrometrico,cm,205,45.59235897,10.44108528,2025-01-01,
2465,134,Corzano Bargnano,,Precipitazione,mm,93,45.43372847,10.03902737,1998-05-03,
8182,854,Calcinato Ponte S.Marco,,Precipitazione,mm,145,45.47486381,10.40620314,2003-01-01,2011-08-04
8140,876,Caino,,Temperatura,°C,428,45.60972056,10.32222392,2001-02-01,
14099,1326,Toscolano-Maderno,,Velocità Vento,m/s,70,45.63641172,10.61687842,2012-03-22,
2404,129,Capo di Ponte v.Briscioli,,Radiazione Globale,W/m²,362,46.02656354,10.34250260,2003-09-12,
11228,1075,Edolo Centrale ENEL,,Radiazione Globale,W/m²,659,46.16907080,10.34047351,2011-12-20,
9741,900,Chiari,,Direzione Vento,°,140,45.52222206,9.93777821,2004-05-19,
8021,846,Edolo Pantano d`Avio,,Precipitazione,mm,2108,46.17700799,10.47282844,1993-05-01,
8184,909,Bienno,,Temperatura,°C,501,45.94555714,10.28694550,2003-01-01,2017-03-22
14120,1326,Toscolano-Maderno,,Precipitazione,mm,70,45.63641172,10.61687842,2012-03-25,
11748,134,Corzano Bargnano,,Velocità Vento,m/s,93,45.43372847,10.03902737,1998-05-03,
120,59,Saviore dell'Adamello Rifugio Lissone,,Altezza Neve,cm,2017,46.08344458,10.49623769,2002-10-01,2018-05-04
19345,1560,Padenghe sul Garda v.Fondrini,,Temperatura,°C,187,45.51828600,10.50612000,2016-07-14,
9102,1220,Ponte di Legno Case Pirli,,Precipitazione,mm,1640,46.28969035,10.53105110,2004-01-01,
30997,1569,Paisco Loveno Grumello,,Temperatura,°C,1260,46.06698100,10.25587200,2016-10-05,
14668,1383,Sarezzo v.della Fonte,,Direzione Vento,°,290,45.66779897,10.18709620,2013-06-05,
14667,1383,Sarezzo v.della Fonte,,Umidità Relativa,%,290,45.66779897,10.18709620,2012-11-02,
2415,130,Brescia ITAS Pastori,,Umidità Relativa,%,149,45.52614578,10.26138219,1995-01-01,
14665,1383,Sarezzo v.della Fonte,,Temperatura,°C,290,45.66779897,10.18709620,2012-11-02,
8133,819,Lozio,,Temperatura,°C,994,45.98580874,10.25975254,2001-11-21,
17361,1548,Gianico Val Vedetta,,Precipitazione,mm,1050,45.85427300,10.20175100,2015-05-06,
4049,145,Darfo Boario Terme,,Precipitazione,mm,222,45.87460210,10.17735680,2002-06-06,2023-07-18
9759,846,Edolo Pantano d`Avio,,Direzione Vento,°,2108,46.17700799,10.47282844,1993-05-01,
14066,1324,Limone sul Garda,,Direzione Vento,°,75,45.80683333,10.79005556,2012-03-13,
11025,826,Gavardo SP 116,,Precipitazione,mm,205,45.59235897,10.44108528,2020-08-06,
19352,1560,Padenghe sul Garda v.Fondrini,,Velocità Vento,m/s,187,45.51828600,10.50612000,2016-02-19,
8230,900,Chiari,,Precipitazione,mm,140,45.52222206,9.93777821,2003-06-20,
6800,654,Sarezzo v.Minelli,,Direzione Vento,°,269,45.64962671,10.20509022,1990-01-01,2018-12-10
14065,1324,Limone sul Garda,,Velocità Vento,m/s,75,45.80683333,10.79005556,2012-03-13,
22580,1955,Magasa Malga Corva,,Precipitazione,mm,1244,45.77409061,10.62758311,2023-06-01,
22604,1986,Darfo Boario Terme Cappellino,,Velocità Vento,m/s,215,45.87434965,10.17126954,2025-08-22,
8172,877,Bovegno ponte Zigole,,Precipitazione,mm,572,45.78138436,10.26318272,2001-06-06,
107,55,Edolo Parnigò,,Temperatura,°C,655,46.17424525,10.31516333,2001-12-01,2021-02-03
14363,1359,Breno Lago Della Vacca,,Velocità Vento,m/s,2410,45.95749967,10.44272870,2012-12-09,
11816,145,Darfo Boario Terme,,Velocità Vento,m/s,222,45.87460210,10.17735680,2012-01-27,2023-07-18
14587,1379,Gargnano,,Temperatura,°C,984,45.72996009,10.61740677,2015-07-15,
8174,909,Bienno,,Precipitazione,mm,501,45.94555714,10.28694550,2003-01-01,2017-03-22
14399,1365,Bione,,Temperatura,°C,911,45.66721826,10.32736288,2012-11-18,
14555,1376,Puegnago del Garda,,Velocità Vento,m/s,291,45.57983780,10.50033090,2013-04-19,
6792,653,Brescia v.Ziziola,,Precipitazione,mm,125,45.51456611,10.21846492,1997-10-15,
8217,896,Collio S.Colombano,,Precipitazione,mm,960,45.81111356,10.37527678,2003-04-09,2012-03-15
11761,900,Chiari,,Velocità Vento,m/s,140,45.52222206,9.93777821,2004-05-19,
6796,653,Brescia v.Ziziola,,Umidità Relativa,%,125,45.51456611,10.21846492,2003-11-18,
8107,853,Idro SS 237,,Livello Idrometrico,cm,388,45.73770150,10.46242047,2025-01-01,
14058,1324,Limone sul Garda,,Temperatura,°C,75,45.80683333,10.79005556,2012-03-13,
11984,851,Treviso Bresciano Cavacca,,Umidità Relativa,%,1147,45.72416486,10.49916675,2012-01-10,2025-06-04
14472,1367,Bagolino SP669,,Velocità Vento,m/s,775,45.83860244,10.45219900,2012-12-12,
11746,129,Capo di Ponte v.Briscioli,,Velocità Vento,m/s,362,46.02656354,10.34250260,2003-01-16,
4045,145,Darfo Boario Terme,,Radiazione Globale,W/m²,222,45.87460210,10.17735680,2002-06-06,2023-07-18
2459,134,Corzano Bargnano,,Temperatura,°C,93,45.43372847,10.03902737,1998-05-03,
6797,653,Brescia v.Ziziola,,Velocità Vento,m/s,125,45.51456611,10.21846492,1997-10-15,
2246,117,Edolo Ist.Meneghini,,Umidità Relativa,%,699,46.17572375,10.33339293,1998-01-01,
8185,878,Darfo Boario Terme SS 42,,Precipitazione,mm,205,45.87072956,10.15652706,2003-01-01,2015-12-13
9043,1237,Monno,,Altezza Neve,cm,1728,46.25030272,10.30880700,2004-10-15,
8208,910,Manerbio v.Dante,,Precipitazione,mm,60,45.35975344,10.14555158,2003-04-09,
2245,117,Edolo Ist.Meneghini,,Temperatura,°C,699,46.17572375,10.33339293,1998-01-01,
14092,1326,Toscolano-Maderno,,Temperatura,°C,70,45.63641172,10.61687842,2012-03-22,
2417,130,Brescia ITAS Pastori,,Precipitazione,mm,149,45.52614578,10.26138219,1990-10-11,
6834,657,Lonato del Garda v.del Marchesino,,Temperatura,°C,180,45.46375819,10.48078183,1990-01-01,
8131,888,Sonico centrale Edolo,,Precipitazione,mm,623,46.16999828,10.34138478,2001-11-21,2011-11-16
4043,145,Darfo Boario Terme,,Umidità Relativa,%,222,45.87460210,10.17735680,2002-06-06,2023-07-18
6849,659,Odolo v.Praes,,Temperatura,°C,349,45.64605175,10.38929672,1990-10-08,
22579,1955,Magasa Malga Corva,,Umidità Relativa,%,1244,45.77409061,10.62758311,2023-06-01,
14089,1326,Toscolano-Maderno,,Umidità Relativa,%,70,45.63641172,10.61687842,2012-03-22,
17443,1692,Bienno Piazze,,Temperatura,°C,472,45.92751023,10.29124095,2018-07-13,
22002,1890,Tavernole sul Mella Monte Guglielmo,,Altezza Neve,cm,1790,45.75389593,10.17540709,2019-11-06,
14554,1376,Puegnago del Garda,,Direzione Vento,°,291,45.57983780,10.50033090,2013-04-19,
14783,1555,Manerba del Garda Dusano,,Velocità Vento,m/s,73,45.54370100,10.56663509,2017-05-09,
14082,1325,Collio Memmo,,Velocità Vento,m/s,1069,45.81136111,10.31552778,2012-03-15,
31292,1583,Pian Camuno Roncaglia SCM2,,Altezza Neve,cm,600,45.83598800,10.16058803,2017-12-06,
11742,1075,Edolo Centrale ENEL,,Velocità Vento,m/s,659,46.16907080,10.34047351,1998-01-01,
32250,876,Caino,,Umidità Relativa,%,428,45.60972056,10.32222392,2016-08-01,
91064,65,Saviore dell'Adamello Valle UR01,,Temperatura,°C,1100,46.06848400,10.42490000,2022-02-03,
2549,192,Idro Frana,,Precipitazione,mm,427,45.73221400,10.44992900,2006-12-13,
6795,653,Brescia v.Ziziola,,Temperatura,°C,125,45.51456611,10.21846492,1997-10-17,
8169,820,Pisogne,,Precipitazione,mm,842,45.81611569,10.15694910,2001-11-21,
14664,1383,Sarezzo v.della Fonte,,Precipitazione,mm,290,45.66779897,10.18709620,2012-11-02,
14567,1378,Tignale Oldesio,,Precipitazione,mm,374,45.73263930,10.72090630,2013-07-23,
9013,1220,Ponte di Legno Case Pirli,,Temperatura,°C,1640,46.28969035,10.53105110,2004-01-01,
14364,1359,Breno Lago Della Vacca,,Altezza Neve,cm,2410,45.95749967,10.44272870,2012-12-09,
14596,1379,Gargnano,,Velocità Vento,m/s,984,45.72996009,10.61740677,2015-07-15,
17528,1555,Manerba del Garda Dusano,,Radiazione Globale,W/m²,73,45.54370100,10.56663509,2018-10-21,
5048,163,Padenghe sul Garda,,Precipitazione,mm,129,45.50437431,10.50664161,2004-04-21,2008-08-25
8134,820,Pisogne,,Temperatura,°C,842,45.81611569,10.15694910,2001-11-21,
14402,1365,Bione,,Umidità Relativa,%,911,45.66721826,10.32736288,2012-11-18,
22573,1955,Magasa Malga Corva,,Direzione Vento,°,1244,45.77409061,10.62758311,2023-06-01,
14405,1365,Bione,,Radiazione Globale,W/m²,911,45.66721826,10.32736288,2012-11-18,
14586,1379,Gargnano,,Precipitazione,mm,984,45.72996009,10.61740677,2015-07-15,
11190,846,Edolo Pantano d`Avio,,Umidità Relativa,%,2108,46.17700799,10.47282844,2011-11-06,
22003,1890,Tavernole sul Mella Monte Guglielmo,,Temperatura,°C,1790,45.75389593,10.17540709,2019-10-14,
6788,653,Brescia v.Ziziola,,Direzione Vento,°,125,45.51456611,10.21846492,1997-10-15,
9098,1227,Sarezzo Gardone,,Precipitazione,mm,338,45.69242525,10.18662064,2004-01-01,2013-06-06
2466,134,Corzano Bargnano,,Direzione Vento,°,93,45.43372847,10.03902737,1998-05-03,
11758,846,Edolo Pantano d`Avio,,Velocità Vento,m/s,2108,46.17700799,10.47282844,1993-05-01,
22007,1890,Tavernole sul Mella Monte Guglielmo,,Direzione Vento,°,1790,45.75389593,10.17540709,2019-10-14,
8138,875,Bagolino Valle Dorizzo,,Temperatura,°C,1226,45.87777614,10.44694397,2001-06-06,2012-11-14
9009,1227,Sarezzo Gardone,,Temperatura,°C,338,45.69242525,10.18662064,2004-01-01,2013-06-06
14759,1549,Darfo Boario Terme Cav. Vittorio Veneto,,Livello Idrometrico,cm,205,45.87654905,10.17358369,2025-01-01,
22605,1986,Darfo Boario Terme Cappellino,,Direzione Vento,°,215,45.87434965,10.17126954,2025-08-22,
2251,117,Edolo Ist.Meneghini,,Precipitazione,mm,699,46.17572375,10.33339293,1993-04-02,
32394,1555,Manerba del Garda Dusano,,Umidità Relativa,%,73,45.54370100,10.56663509,2017-11-17,
14577,1378,Tignale Oldesio,,Velocità Vento,m/s,374,45.73263930,10.72090630,2013-07-23,
8209,910,Manerbio v.Dante,,Temperatura,°C,60,45.35975344,10.14555158,2003-04-09,
2548,192,Idro Frana,,Temperatura,°C,427,45.73221400,10.44992900,2006-12-13,
8019,846,Edolo Pantano d`Avio,,Temperatura,°C,2108,46.17700799,10.47282844,1993-05-01,
14351,1359,Breno Lago Della Vacca,,Umidità Relativa,%,2410,45.95749967,10.44272870,2012-12-09,
11113,896,Collio S.Colombano,,Radiazione Globale,W/m²,960,45.81111356,10.37527678,2011-08-10,2012-03-15
9103,1237,Monno,,Precipitazione,mm,1728,46.25030272,10.30880700,2004-10-11,
32247,904,Paisco Loveno,,Umidità Relativa,%,816,46.07861336,10.29694303,2016-08-01,
6823,656,Gambara v.Parma,,Temperatura,°C,47,45.24955194,10.29913000,1990-01-01,
14118,1325,Collio Memmo,,Precipitazione,mm,1069,45.81136111,10.31552778,2012-03-18,
17562,1879,Montichiari Boschetti,,Temperatura,°C,92,45.40275984,10.41406192,2018-12-13,
6825,656,Gambara v.Parma,,Velocità Vento,m/s,47,45.24955194,10.29913000,1990-01-01,
14545,1376,Puegnago del Garda,,Precipitazione,mm,291,45.57983780,10.50033090,2013-04-19,
2252,1075,Edolo Centrale ENEL,,Direzione Vento,°,659,46.16907080,10.34047351,1998-01-01,
8105,852,Lavenone Galleria Agricoltori - fiume,,Livello Idrometrico,cm,370,45.73501708,10.45060250,2025-01-01,
16463,1340,Sonico Pal alta,,Temperatura,°C,1310,46.16319660,10.37720680,2012-10-04,
8187,905,Cevo,,Temperatura,°C,1128,46.08055608,10.37778231,2003-06-18,
22017,1890,Tavernole sul Mella Monte Guglielmo,,Radiazione Globale,W/m²,1790,45.75389593,10.17540709,2019-10-14,
8020,846,Edolo Pantano d`Avio,,Altezza Neve,cm,2108,46.17700799,10.47282844,1993-05-01,
14782,1555,Manerba del Garda Dusano,,Direzione Vento,°,73,45.54370100,10.56663509,2017-05-09,
8143,879,Capriolo SP12,,Livello Idrometrico,cm,178,45.64780650,9.91612981,2025-01-01,
8141,877,Bovegno ponte Zigole,,Livello Idrometrico,cm,572,45.78138436,10.26318272,2025-01-01,
14477,1367,Bagolino SP669,,Radiazione Globale,W/m²,775,45.83860244,10.45219900,2012-12-12,
22603,1986,Darfo Boario Terme Cappellino,,Radiazione Globale,W/m²,215,45.87434965,10.17126954,2025-08-22,
2408,129,Capo di Ponte v.Briscioli,,Precipitazione,mm,362,46.02656354,10.34250260,2002-10-30,
14072,1325,Collio Memmo,,Umidità Relativa,%,1069,45.81136111,10.31552778,2012-03-15,
8104,851,Treviso Bresciano Cavacca,,Temperatura,°C,1147,45.72416486,10.49916675,1998-01-01,2025-06-04
9383,1227,Sarezzo Gardone,,Umidità Relativa,%,338,45.69242525,10.18662064,2009-01-21,2013-06-06
8227,904,Paisco Loveno,,Temperatura,°C,816,46.07861336,10.29694303,2003-06-20,
32336,905,Cevo,,Umidità Relativa,%,1128,46.08055608,10.37778231,2016-08-11,
14669,1383,Sarezzo v.della Fonte,,Velocità Vento,m/s,290,45.66779897,10.18709620,2013-06-05,
14471,1367,Bagolino SP669,,Direzione Vento,°,775,45.83860244,10.45219900,2012-12-12,
14406,1365,Bione,,Precipitazione,mm,911,45.66721826,10.32736288,2012-11-18,
14478,1367,Bagolino SP669,,Temperatura,°C,775,45.83860244,10.45219900,2012-12-12,
14365,1359,Breno Lago Della Vacca,,Precipitazione,mm,2410,45.95749967,10.44272870,2012-12-09,
11116,875,Bagolino Valle Dorizzo,,Umidità Relativa,%,1226,45.87777614,10.44694397,2011-08-11,2012-11-14
14083,1325,Collio Memmo,,Direzione Vento,°,1069,45.81136111,10.31552778,2012-03-15,
14358,1359,Breno Lago Della Vacca,,Direzione Vento,°,2410,45.95749967,10.44272870,2012-12-09,
14416,1365,Bione,,Velocità Vento,m/s,911,45.66721826,10.32736288,2012-11-18,
91065,1340,Sonico Pal alta,,Altezza Neve,cm,1310,46.16319660,10.37720680,2022-04-03,
9042,1220,Ponte di Legno Case Pirli,,Altezza Neve,cm,1640,46.28969035,10.53105110,2004-01-01,
8139,876,Caino,,Precipitazione,mm,428,45.60972056,10.32222392,2001-02-01,
18267,1867,Pralboino SP64,,Livello Idrometrico,cm,44,45.26835251,10.20935956,2025-01-01,
14584,1378,Tignale Oldesio,,Radiazione Globale,W/m²,374,45.73263930,10.72090630,2013-07-23,
14588,1379,Gargnano,,Umidità Relativa,%,984,45.72996009,10.61740677,2015-07-15,
6815,656,Gambara v.Parma,,Direzione Vento,°,47,45.24955194,10.29913000,1990-01-01,
14546,1376,Puegnago del Garda,,Temperatura,°C,291,45.57983780,10.50033090,2013-04-19,
31505,1599,Sellero Zinvill S1,,Precipitazione,mm,1000,46.05656602,10.32737507,2017-12-06,
14148,1325,Collio Memmo,,Radiazione Globale,W/m²,1069,45.81136111,10.31552778,2012-04-18,
8173,905,Cevo,,Precipitazione,mm,1128,46.08055608,10.37778231,2003-06-18,
8170,819,Lozio,,Precipitazione,mm,994,45.98580874,10.25975254,2001-11-21,
