territorio,anno,indicatore,sesso,eta,titolo_studio,cittadinanza,valore
ITC47,2018,employment rate,females,15-24 years,total,total,23.31
ITC47,2018,employment rate,females,15-29 years,total,total,40.87
ITC47,2018,employment rate,females,15-34 years,total,total,47.44
ITC47,2018,employment rate,females,15-64 years,total,total,55.04
ITC47,2018,employment rate,females,15-74 years,total,total,47.75
ITC47,2018,employment rate,females,15-89 years,total,total,41.41
ITC47,2018,employment rate,females,18-29 years,total,total,50.58
ITC47,2018,employment rate,females,20-64 years,total,total,59.25
ITC47,2018,employment rate,females,25-34 years,total,total,66.12
ITC47,2018,employment rate,females,35-44 years,total,total,63.69
ITC47,2018,employment rate,females,35-49 years,total,total,64.29
ITC47,2018,employment rate,females,45-54 years,total,total,65.31
ITC47,2018,employment rate,females,50-64 years,total,total,53.13
ITC47,2018,employment rate,females,50-74 years,total,total,36.92
ITC47,2018,employment rate,females,50-89 years,total,total,27.30
ITC47,2018,employment rate,females,55-64 years,total,total,43.88
ITC47,2018,employment rate,males,15-24 years,total,total,31.12
ITC47,2018,employment rate,males,15-29 years,total,total,48.80
ITC47,2018,employment rate,males,15-34 years,total,total,61.06
ITC47,2018,employment rate,males,15-64 years,total,total,78.35
ITC47,2018,employment rate,males,15-74 years,total,total,69.39
ITC47,2018,employment rate,males,15-89 years,total,total,62.91
ITC47,2018,employment rate,males,18-29 years,total,total,61.58
ITC47,2018,employment rate,males,20-64 years,total,total,84.56
ITC47,2018,employment rate,males,25-34 years,total,total,93.23
ITC47,2018,employment rate,males,35-44 years,total,total,96.14
ITC47,2018,employment rate,males,35-49 years,total,total,93.84
ITC47,2018,employment rate,males,45-54 years,total,total,90.27
ITC47,2018,employment rate,males,50-64 years,total,total,77.65
ITC47,2018,employment rate,males,50-74 years,total,total,56.38
ITC47,2018,employment rate,males,50-89 years,total,total,45.36
ITC47,2018,employment rate,males,55-64 years,total,total,67.15
ITC47,2018,employment rate,total,15-24 years,total,total,27.50
ITC47,2018,employment rate,total,15-29 years,total,total,44.95
ITC47,2018,employment rate,total,15-34 years,total,total,54.17
ITC47,2018,employment rate,total,15-64 years,total,total,66.85
ITC47,2018,employment rate,total,15-74 years,total,total,58.63
ITC47,2018,employment rate,total,15-89 years,total,total,52.00
ITC47,2018,employment rate,total,18-29 years,total,total,56.18
ITC47,2018,employment rate,total,20-64 years,total,total,72.03
ITC47,2018,employment rate,total,25-34 years,total,total,78.45
ITC47,2018,employment rate,total,35-44 years,total,total,81.55
ITC47,2018,employment rate,total,35-49 years,total,total,79.78
ITC47,2018,employment rate,total,45-54 years,total,total,77.41
ITC47,2018,employment rate,total,50-64 years,total,total,65.41
ITC47,2018,employment rate,total,50-74 years,total,total,46.54
ITC47,2018,employment rate,total,50-89 years,total,total,35.88
ITC47,2018,employment rate,total,55-64 years,total,total,55.59
ITC47,2019,employment rate,females,15-24 years,total,total,27.91
ITC47,2019,employment rate,females,15-29 years,total,total,43.69
ITC47,2019,employment rate,females,15-34 years,total,total,49.74
ITC47,2019,employment rate,females,15-64 years,total,total,56.34
ITC47,2019,employment rate,females,15-74 years,total,total,48.59
ITC47,2019,employment rate,females,15-89 years,total,total,42.28
ITC47,2019,employment rate,females,18-29 years,total,total,53.44
ITC47,2019,employment rate,females,20-64 years,total,total,60.25
ITC47,2019,employment rate,females,25-34 years,total,total,64.89
ITC47,2019,employment rate,females,35-44 years,total,total,65.97
ITC47,2019,employment rate,females,35-49 years,total,total,67.94
ITC47,2019,employment rate,females,45-54 years,total,total,70.22
ITC47,2019,employment rate,females,50-64 years,total,total,51.77
ITC47,2019,employment rate,females,50-74 years,total,total,35.67
ITC47,2019,employment rate,females,50-89 years,total,total,26.72
ITC47,2019,employment rate,females,55-64 years,total,total,39.76
ITC47,2019,employment rate,males,15-24 years,total,total,34.89
ITC47,2019,employment rate,males,15-29 years,total,total,47.49
ITC47,2019,employment rate,males,15-34 years,total,total,59.06
ITC47,2019,employment rate,males,15-64 years,total,total,77.99
ITC47,2019,employment rate,males,15-74 years,total,total,69.04
ITC47,2019,employment rate,males,15-89 years,total,total,62.57
ITC47,2019,employment rate,males,18-29 years,total,total,59.71
ITC47,2019,employment rate,males,20-64 years,total,total,83.60
ITC47,2019,employment rate,males,25-34 years,total,total,87.57
ITC47,2019,employment rate,males,35-44 years,total,total,95.09
ITC47,2019,employment rate,males,35-49 years,total,total,93.19
ITC47,2019,employment rate,males,45-54 years,total,total,91.92
ITC47,2019,employment rate,males,50-64 years,total,total,79.72
ITC47,2019,employment rate,males,50-74 years,total,total,58.05
ITC47,2019,employment rate,males,50-89 years,total,total,46.78
ITC47,2019,employment rate,males,55-64 years,total,total,70.99
ITC47,2019,employment rate,total,15-24 years,total,total,31.83
ITC47,2019,employment rate,total,15-29 years,total,total,45.65
ITC47,2019,employment rate,total,15-34 years,total,total,54.32
ITC47,2019,employment rate,total,15-64 years,total,total,67.32
ITC47,2019,employment rate,total,15-74 years,total,total,58.89
ITC47,2019,employment rate,total,15-89 years,total,total,52.30
ITC47,2019,employment rate,total,18-29 years,total,total,56.63
ITC47,2019,employment rate,total,20-64 years,total,total,72.05
ITC47,2019,employment rate,total,25-34 years,total,total,74.63
ITC47,2019,employment rate,total,35-44 years,total,total,81.74
ITC47,2019,employment rate,total,35-49 years,total,total,81.28
ITC47,2019,employment rate,total,45-54 years,total,total,80.85
ITC47,2019,employment rate,total,50-64 years,total,total,65.78
ITC47,2019,employment rate,total,50-74 years,total,total,46.74
ITC47,2019,employment rate,total,50-89 years,total,total,36.28
ITC47,2019,employment rate,total,55-64 years,total,total,55.86
ITC47,2020,employment rate,females,15-24 years,total,total,17.21
ITC47,2020,employment rate,females,15-29 years,total,total,34.31
ITC47,2020,employment rate,females,15-34 years,total,total,44.85
ITC47,2020,employment rate,females,15-64 years,total,total,53.07
ITC47,2020,employment rate,females,15-74 years,total,total,46.12
ITC47,2020,employment rate,females,15-89 years,total,total,40.09
ITC47,2020,employment rate,females,18-29 years,total,total,41.64
ITC47,2020,employment rate,females,20-64 years,total,total,57.26
ITC47,2020,employment rate,females,25-34 years,total,total,64.07
ITC47,2020,employment rate,females,35-44 years,total,total,65.01
ITC47,2020,employment rate,females,35-49 years,total,total,65.44
ITC47,2020,employment rate,females,45-54 years,total,total,69.36
ITC47,2020,employment rate,females,50-64 years,total,total,50.04
ITC47,2020,employment rate,females,50-74 years,total,total,35.48
ITC47,2020,employment rate,females,50-89 years,total,total,26.56
ITC47,2020,employment rate,females,55-64 years,total,total,36.55
ITC47,2020,employment rate,males,15-24 years,total,total,32.82
ITC47,2020,employment rate,males,15-29 years,total,total,47.39
ITC47,2020,employment rate,males,15-34 years,total,total,60.38
ITC47,2020,employment rate,males,15-64 years,total,total,76.75
ITC47,2020,employment rate,males,15-74 years,total,total,67.55
ITC47,2020,employment rate,males,15-89 years,total,total,60.91
ITC47,2020,employment rate,males,18-29 years,total,total,60.70
ITC47,2020,employment rate,males,20-64 years,total,total,83.34
ITC47,2020,employment rate,males,25-34 years,total,total,89.06
ITC47,2020,employment rate,males,35-44 years,total,total,93.82
ITC47,2020,employment rate,males,35-49 years,total,total,92.60
ITC47,2020,employment rate,males,45-54 years,total,total,91.92
ITC47,2020,employment rate,males,50-64 years,total,total,77.63
ITC47,2020,employment rate,males,50-74 years,total,total,56.00
ITC47,2020,employment rate,males,50-89 years,total,total,44.73
ITC47,2020,employment rate,males,55-64 years,total,total,66.05
ITC47,2020,employment rate,total,15-24 years,total,total,25.90
ITC47,2020,employment rate,total,15-29 years,total,total,41.05
ITC47,2020,employment rate,total,15-34 years,total,total,52.65
ITC47,2020,employment rate,total,15-64 years,total,total,65.08
ITC47,2020,employment rate,total,15-74 years,total,total,56.91
ITC47,2020,employment rate,total,15-89 years,total,total,50.38
ITC47,2020,employment rate,total,18-29 years,total,total,51.20
ITC47,2020,employment rate,total,20-64 years,total,total,70.45
ITC47,2020,employment rate,total,25-34 years,total,total,75.48
ITC47,2020,employment rate,total,35-44 years,total,total,79.98
ITC47,2020,employment rate,total,35-49 years,total,total,79.51
ITC47,2020,employment rate,total,45-54 years,total,total,81.21
ITC47,2020,employment rate,total,50-64 years,total,total,63.89
ITC47,2020,employment rate,total,50-74 years,total,total,45.64
ITC47,2020,employment rate,total,50-89 years,total,total,35.25
ITC47,2020,employment rate,total,55-64 years,total,total,50.71
ITC47,2021,employment rate,females,15-24 years,total,total,15.22
ITC47,2021,employment rate,females,15-29 years,total,total,30.47
ITC47,2021,employment rate,females,15-34 years,total,total,43.89
ITC47,2021,employment rate,females,15-64 years,total,total,54.23
ITC47,2021,employment rate,females,15-74 years,total,total,47.17
ITC47,2021,employment rate,females,15-89 years,total,total,40.76
ITC47,2021,employment rate,females,18-29 years,total,total,38.93
ITC47,2021,employment rate,females,20-64 years,total,total,59.54
ITC47,2021,employment rate,females,25-34 years,total,total,67.68
ITC47,2021,employment rate,females,35-44 years,total,total,69.25
ITC47,2021,employment rate,females,35-49 years,total,total,70.06
ITC47,2021,employment rate,females,45-54 years,total,total,69.44
ITC47,2021,employment rate,females,50-64 years,total,total,51.18
ITC47,2021,employment rate,females,50-74 years,total,total,36.61
ITC47,2021,employment rate,females,50-89 years,total,total,27.17
ITC47,2021,employment rate,females,55-64 years,total,total,41.18
ITC47,2021,employment rate,males,15-24 years,total,total,25.53
ITC47,2021,employment rate,males,15-29 years,total,total,47.08
ITC47,2021,employment rate,males,15-34 years,total,total,57.94
ITC47,2021,employment rate,males,15-64 years,total,total,76.85
ITC47,2021,employment rate,males,15-74 years,total,total,67.84
ITC47,2021,employment rate,males,15-89 years,total,total,61.80
ITC47,2021,employment rate,males,18-29 years,total,total,57.55
ITC47,2021,employment rate,males,20-64 years,total,total,83.63
ITC47,2021,employment rate,males,25-34 years,total,total,88.19
ITC47,2021,employment rate,males,35-44 years,total,total,91.66
ITC47,2021,employment rate,males,35-49 years,total,total,92.07
ITC47,2021,employment rate,males,45-54 years,total,total,93.07
ITC47,2021,employment rate,males,50-64 years,total,total,79.35
ITC47,2021,employment rate,males,50-74 years,total,total,57.97
ITC47,2021,employment rate,males,50-89 years,total,total,47.57
ITC47,2021,employment rate,males,55-64 years,total,total,69.29
ITC47,2021,employment rate,total,15-24 years,total,total,20.37
ITC47,2021,employment rate,total,15-29 years,total,total,39.05
ITC47,2021,employment rate,total,15-34 years,total,total,50.69
ITC47,2021,employment rate,total,15-64 years,total,total,65.72
ITC47,2021,employment rate,total,15-74 years,total,total,57.59
ITC47,2021,employment rate,total,15-89 years,total,total,51.12
ITC47,2021,employment rate,total,18-29 years,total,total,48.75
ITC47,2021,employment rate,total,20-64 years,total,total,71.76
ITC47,2021,employment rate,total,25-34 years,total,total,77.32
ITC47,2021,employment rate,total,35-44 years,total,total,81.09
ITC47,2021,employment rate,total,35-49 years,total,total,81.93
ITC47,2021,employment rate,total,45-54 years,total,total,82.27
ITC47,2021,employment rate,total,50-64 years,total,total,65.34
ITC47,2021,employment rate,total,50-74 years,total,total,47.19
ITC47,2021,employment rate,total,50-89 years,total,total,36.85
ITC47,2021,employment rate,total,55-64 years,total,total,54.81
ITC47,2022,employment rate,females,15-24 years,total,total,14.00
ITC47,2022,employment rate,females,15-29 years,total,total,33.83
ITC47,2022,employment rate,females,15-34 years,total,total,40.81
ITC47,2022,employment rate,females,15-64 years,total,total,54.16
ITC47,2022,employment rate,females,15-74 years,total,total,46.40
ITC47,2022,employment rate,females,15-89 years,total,total,40.24
ITC47,2022,employment rate,females,18-29 years,total,total,45.02
ITC47,2022,employment rate,females,20-64 years,total,total,58.78
ITC47,2022,employment rate,females,25-34 years,total,total,64.65
ITC47,2022,employment rate,females,35-44 years,total,total,71.95
ITC47,2022,employment rate,females,35-49 years,total,total,74.80
ITC47,2022,employment rate,females,45-54 years,total,total,70.66
ITC47,2022,employment rate,females,50-64 years,total,total,46.41
ITC47,2022,employment rate,females,50-74 years,total,total,32.05
ITC47,2022,employment rate,females,50-89 years,total,total,24.11
ITC47,2022,employment rate,females,55-64 years,total,total,38.53
ITC47,2022,employment rate,males,15-24 years,total,total,37.85
ITC47,2022,employment rate,males,15-29 years,total,total,51.56
ITC47,2022,employment rate,males,15-34 years,total,total,62.28
ITC47,2022,employment rate,males,15-64 years,total,total,77.29
ITC47,2022,employment rate,males,15-74 years,total,total,68.31
ITC47,2022,employment rate,males,15-89 years,total,total,61.90
ITC47,2022,employment rate,males,18-29 years,total,total,61.10
ITC47,2022,employment rate,males,20-64 years,total,total,82.87
ITC47,2022,employment rate,males,25-34 years,total,total,89.87
ITC47,2022,employment rate,males,35-44 years,total,total,95.89
ITC47,2022,employment rate,males,35-49 years,total,total,97.10
ITC47,2022,employment rate,males,45-54 years,total,total,97.86
ITC47,2022,employment rate,males,50-64 years,total,total,72.72
ITC47,2022,employment rate,males,50-74 years,total,total,53.84
ITC47,2022,employment rate,males,50-89 years,total,total,43.73
ITC47,2022,employment rate,males,55-64 years,total,total,59.90
ITC47,2022,employment rate,total,15-24 years,total,total,27.16
ITC47,2022,employment rate,total,15-29 years,total,total,43.03
ITC47,2022,employment rate,total,15-34 years,total,total,52.01
ITC47,2022,employment rate,total,15-64 years,total,total,65.95
ITC47,2022,employment rate,total,15-74 years,total,total,57.48
ITC47,2022,employment rate,total,15-89 years,total,total,50.95
ITC47,2022,employment rate,total,18-29 years,total,total,53.83
ITC47,2022,employment rate,total,20-64 years,total,total,71.09
ITC47,2022,employment rate,total,25-34 years,total,total,77.06
ITC47,2022,employment rate,total,35-44 years,total,total,83.39
ITC47,2022,employment rate,total,35-49 years,total,total,86.03
ITC47,2022,employment rate,total,45-54 years,total,total,85.11
ITC47,2022,employment rate,total,50-64 years,total,total,59.68
ITC47,2022,employment rate,total,50-74 years,total,total,42.88
ITC47,2022,employment rate,total,50-89 years,total,total,33.47
ITC47,2022,employment rate,total,55-64 years,total,total,49.23
ITC47,2023,employment rate,females,15-24 years,total,total,23.19
ITC47,2023,employment rate,females,15-29 years,total,total,40.01
ITC47,2023,employment rate,females,15-34 years,total,total,48.39
ITC47,2023,employment rate,females,15-64 years,total,total,56.25
ITC47,2023,employment rate,females,15-74 years,total,total,48.03
ITC47,2023,employment rate,females,15-89 years,total,total,41.71
ITC47,2023,employment rate,females,18-29 years,total,total,50.76
ITC47,2023,employment rate,females,20-64 years,total,total,60.82
ITC47,2023,employment rate,females,25-34 years,total,total,70.04
ITC47,2023,employment rate,females,35-44 years,total,total,74.87
ITC47,2023,employment rate,females,35-49 years,total,total,73.94
ITC47,2023,employment rate,females,45-54 years,total,total,64.90
ITC47,2023,employment rate,females,50-64 years,total,total,48.26
ITC47,2023,employment rate,females,50-74 years,total,total,33.11
ITC47,2023,employment rate,females,50-89 years,total,total,24.96
ITC47,2023,employment rate,females,55-64 years,total,total,44.38
ITC47,2023,employment rate,males,15-24 years,total,total,36.12
ITC47,2023,employment rate,males,15-29 years,total,total,50.84
ITC47,2023,employment rate,males,15-34 years,total,total,61.26
ITC47,2023,employment rate,males,15-64 years,total,total,76.83
ITC47,2023,employment rate,males,15-74 years,total,total,67.95
ITC47,2023,employment rate,males,15-89 years,total,total,61.33
ITC47,2023,employment rate,males,18-29 years,total,total,62.46
ITC47,2023,employment rate,males,20-64 years,total,total,82.82
ITC47,2023,employment rate,males,25-34 years,total,total,88.15
ITC47,2023,employment rate,males,35-44 years,total,total,95.51
ITC47,2023,employment rate,males,35-49 years,total,total,95.23
ITC47,2023,employment rate,males,45-54 years,total,total,93.93
ITC47,2023,employment rate,males,50-64 years,total,total,74.88
ITC47,2023,employment rate,males,50-74 years,total,total,55.63
ITC47,2023,employment rate,males,50-89 years,total,total,45.01
ITC47,2023,employment rate,males,55-64 years,total,total,65.31
ITC47,2023,employment rate,total,15-24 years,total,total,30.15
ITC47,2023,employment rate,total,15-29 years,total,total,45.63
ITC47,2023,employment rate,total,15-34 years,total,total,54.96
ITC47,2023,employment rate,total,15-64 years,total,total,66.74
ITC47,2023,employment rate,total,15-74 years,total,total,58.11
ITC47,2023,employment rate,total,15-89 years,total,total,51.47
ITC47,2023,employment rate,total,18-29 years,total,total,56.94
ITC47,2023,employment rate,total,20-64 years,total,total,72.03
ITC47,2023,employment rate,total,25-34 years,total,total,78.80
ITC47,2023,employment rate,total,35-44 years,total,total,85.01
ITC47,2023,employment rate,total,35-49 years,total,total,84.89
ITC47,2023,employment rate,total,45-54 years,total,total,80.80
ITC47,2023,employment rate,total,50-64 years,total,total,61.71
ITC47,2023,employment rate,total,50-74 years,total,total,44.33
ITC47,2023,employment rate,total,50-89 years,total,total,34.65
ITC47,2023,employment rate,total,55-64 years,total,total,54.57
ITC47,2024,employment rate,females,15-24 years,total,total,24.96
ITC47,2024,employment rate,females,15-29 years,total,total,42.31
ITC47,2024,employment rate,females,15-34 years,total,total,51.23
ITC47,2024,employment rate,females,15-64 years,total,total,57.08
ITC47,2024,employment rate,females,15-74 years,total,total,49.21
ITC47,2024,employment rate,females,15-89 years,total,total,42.65
ITC47,2024,employment rate,females,18-29 years,total,total,54.61
ITC47,2024,employment rate,females,20-64 years,total,total,62.04
ITC47,2024,employment rate,females,25-34 years,total,total,75.56
ITC47,2024,employment rate,females,35-44 years,total,total,70.77
ITC47,2024,employment rate,females,35-49 years,total,total,72.63
ITC47,2024,employment rate,females,45-54 years,total,total,73.41
ITC47,2024,employment rate,females,50-64 years,total,total,49.11
ITC47,2024,employment rate,females,50-74 years,total,total,34.74
ITC47,2024,employment rate,females,50-89 years,total,total,26.13
ITC47,2024,employment rate,females,55-64 years,total,total,39.42
ITC47,2024,employment rate,males,15-24 years,total,total,37.62
ITC47,2024,employment rate,males,15-29 years,total,total,55.40
ITC47,2024,employment rate,males,15-34 years,total,total,64.58
ITC47,2024,employment rate,males,15-64 years,total,total,77.02
ITC47,2024,employment rate,males,15-74 years,total,total,67.72
ITC47,2024,employment rate,males,15-89 years,total,total,60.56
ITC47,2024,employment rate,males,18-29 years,total,total,66.94
ITC47,2024,employment rate,males,20-64 years,total,total,82.47
ITC47,2024,employment rate,males,25-34 years,total,total,91.04
ITC47,2024,employment rate,males,35-44 years,total,total,93.55
ITC47,2024,employment rate,males,35-49 years,total,total,94.96
ITC47,2024,employment rate,males,45-54 years,total,total,93.74
ITC47,2024,employment rate,males,50-64 years,total,total,73.31
ITC47,2024,employment rate,males,50-74 years,total,total,53.73
ITC47,2024,employment rate,males,50-89 years,total,total,42.57
ITC47,2024,employment rate,males,55-64 years,total,total,63.13
ITC47,2024,employment rate,total,15-24 years,total,total,31.61
ITC47,2024,employment rate,total,15-29 years,total,total,49.12
ITC47,2024,employment rate,total,15-34 years,total,total,58.14
ITC47,2024,employment rate,total,15-64 years,total,total,67.25
ITC47,2024,employment rate,total,15-74 years,total,total,58.57
ITC47,2024,employment rate,total,15-89 years,total,total,51.57
ITC47,2024,employment rate,total,18-29 years,total,total,61.24
ITC47,2024,employment rate,total,20-64 years,total,total,72.51
ITC47,2024,employment rate,total,25-34 years,total,total,83.47
ITC47,2024,employment rate,total,35-44 years,total,total,82.16
ITC47,2024,employment rate,total,35-49 years,total,total,83.96
ITC47,2024,employment rate,total,45-54 years,total,total,84.29
ITC47,2024,employment rate,total,50-64 years,total,total,61.33
ITC47,2024,employment rate,total,50-74 years,total,total,44.19
ITC47,2024,employment rate,total,50-89 years,total,total,34.09
ITC47,2024,employment rate,total,55-64 years,total,total,50.82
ITC47,2025,employment rate,females,15-24 years,total,total,22.98
ITC47,2025,employment rate,females,15-29 years,total,total,36.94
ITC47,2025,employment rate,females,15-34 years,total,total,44.47
ITC47,2025,employment rate,females,15-64 years,total,total,56.82
ITC47,2025,employment rate,females,15-74 years,total,total,48.84
ITC47,2025,employment rate,females,15-89 years,total,total,42.12
ITC47,2025,employment rate,females,18-29 years,total,total,47.59
ITC47,2025,employment rate,females,20-64 years,total,total,61.79
ITC47,2025,employment rate,females,25-34 years,total,total,65.48
ITC47,2025,employment rate,females,35-44 years,total,total,67.19
ITC47,2025,employment rate,females,35-49 years,total,total,71.75
ITC47,2025,employment rate,females,45-54 years,total,total,78.72
ITC47,2025,employment rate,females,50-64 years,total,total,55.33
ITC47,2025,employment rate,females,50-74 years,total,total,38.73
ITC47,2025,employment rate,females,50-89 years,total,total,28.90
ITC47,2025,employment rate,females,55-64 years,total,total,43.57
ITC47,2025,employment rate,males,15-24 years,total,total,37.39
ITC47,2025,employment rate,males,15-29 years,total,total,57.59
ITC47,2025,employment rate,males,15-34 years,total,total,66.46
ITC47,2025,employment rate,males,15-64 years,total,total,78.23
ITC47,2025,employment rate,males,15-74 years,total,total,69.04
ITC47,2025,employment rate,males,15-89 years,total,total,62.04
ITC47,2025,employment rate,males,18-29 years,total,total,70.61
ITC47,2025,employment rate,males,20-64 years,total,total,84.09
ITC47,2025,employment rate,males,25-34 years,total,total,88.94
ITC47,2025,employment rate,males,35-44 years,total,total,92.17
ITC47,2025,employment rate,males,35-49 years,total,total,95.12
ITC47,2025,employment rate,males,45-54 years,total,total,97.10
ITC47,2025,employment rate,males,50-64 years,total,total,75.82
ITC47,2025,employment rate,males,50-74 years,total,total,56.23
ITC47,2025,employment rate,males,50-89 years,total,total,45.19
ITC47,2025,employment rate,males,55-64 years,total,total,64.40
ITC47,2025,employment rate,total,15-24 years,total,total,30.11
ITC47,2025,employment rate,total,15-29 years,total,total,47.73
ITC47,2025,employment rate,total,15-34 years,total,total,56.04
ITC47,2025,employment rate,total,15-64 years,total,total,67.75
ITC47,2025,employment rate,total,15-74 years,total,total,59.07
ITC47,2025,employment rate,total,15-89 years,total,total,52.03
ITC47,2025,employment rate,total,18-29 years,total,total,59.89
ITC47,2025,employment rate,total,20-64 years,total,total,73.32
ITC47,2025,employment rate,total,25-34 years,total,total,78.46
ITC47,2025,employment rate,total,35-44 years,total,total,79.66
ITC47,2025,employment rate,total,35-49 years,total,total,83.43
ITC47,2025,employment rate,total,45-54 years,total,total,88.23
ITC47,2025,employment rate,total,50-64 years,total,total,65.69
ITC47,2025,employment rate,total,50-74 years,total,total,47.45
ITC47,2025,employment rate,total,50-89 years,total,total,36.77
ITC47,2025,employment rate,total,55-64 years,total,total,53.77
