codice_istat,comune,popolazione_2024,unita_locali_2023,addetti_2023,presenze_turistiche_2024
017001,Acquafredda,1545,130,432.7,
017002,Adro,7146,668,3550.5,20157
017003,Agnosine,1639,168,715.6,
017004,Alfianello,2304,165,738.7,
017005,Anfo,436,38,66.1,70787
017006,Angolo Terme,2338,140,272.9,6942
017007,Artogne,3671,301,1230.8,3317
017008,Azzano Mella,3507,248,1122.0,
017009,Bagnolo Mella,12471,888,3021.5,1125
017010,Bagolino,3764,313,812.2,41536
017011,Barbariga,2300,146,512.3,
017012,Barghe,1157,74,309.4,
017013,Bassano Bresciano,2367,193,664.0,
017014,Bedizzole,12172,1083,4706.4,20264
017015,Berlingo,2740,236,1003.9,
017016,Berzo Demo,1459,121,426.4,457
017017,Berzo Inferiore,2473,227,909.7,
017018,Bienno,3760,313,953.9,3889
017019,Bione,1286,99,743.4,
017020,Borgo San Giacomo,5577,352,1156.0,1765
017021,Borgosatollo,9092,776,2719.8,
017022,Borno,2422,232,544.3,38299
017023,Botticino,10772,853,2063.8,320
017024,Bovegno,2005,142,296.1,1708
017025,Bovezzo,7309,511,1804.2,
017026,Brandico,1757,103,619.3,
017027,Braone,686,64,160.5,
017028,Breno,4647,599,2211.1,16411
017029,Brescia,199853,26287,100939.2,883531
017030,Brione,754,45,99.1,884
017031,Caino,2192,113,507.1,
017032,Calcinato,13028,1138,5534.3,18941
017033,Calvagese della Riviera,3699,335,1112.8,27163
017034,Calvisano,8435,617,2634.7,3081
017035,Capo di Ponte,2287,167,388.3,5256
017036,Capovalle,341,31,43.6,839
017037,Capriano del Colle,4844,392,1678.6,
017038,Capriolo,9390,950,4037.8,21500
017039,Carpenedolo,12968,1000,4160.0,182
017040,Castegnato,8392,778,4232.4,
017041,Castelcovati,7059,417,1341.0,
017042,Castel Mella,10953,813,3182.5,
017043,Castenedolo,11687,1099,5561.6,70779
017044,Casto,1616,146,1009.4,2451
017045,Castrezzato,7836,523,1661.0,7815
017046,Cazzago San Martino,10787,877,4346.8,36215
017047,Cedegolo,1124,104,331.8,574
017048,Cellatica,4870,476,2241.1,
017049,Cerveno,694,41,301.3,419
017050,Ceto,1770,179,658.1,9432
017051,Cevo,792,52,92.2,5212
017052,Chiari,19552,1700,5593.4,7398
017053,Cigole,1472,114,704.0,1639
017054,Cimbergo,538,33,58.5,3024
017055,Cividate Camuno,2655,287,1512.2,1667
017056,Coccaglio,8859,755,2851.0,
017057,Collebeato,4459,411,1407.2,
017058,Collio,1975,152,402.1,10887
017059,Cologne,7611,598,2951.6,2409
017060,Comezzano-Cizzago,4177,225,539.0,
017061,Concesio,15670,1356,4526.4,1736
017062,Corte Franca,7179,717,2874.9,38874
017063,Corteno Golgi,1896,185,569.7,80646
017064,Corzano,1529,108,582.5,
017065,Darfo Boario Terme,15877,1776,6489.4,127189
017066,Dello,5675,357,1650.1,7375
017067,Desenzano del Garda,29313,3246,11040.5,1156392
017068,Edolo,4414,462,1427.0,19809
017069,Erbusco,8842,1019,4800.5,47465
017070,Esine,5042,534,1888.2,2110
017071,Fiesse,2067,105,235.6,
017072,Flero,8734,1059,5201.1,
017073,Gambara,4722,342,1201.7,
017074,Gardone Riviera,2593,251,1003.3,284006
017075,Gardone Val Trompia,11467,760,4126.6,3106
017076,Gargnano,2631,319,872.0,229071
017077,Gavardo,12316,1209,4161.8,9810
017078,Ghedi,18504,1364,5289.1,11580
017079,Gianico,2076,199,725.0,
017080,Gottolengo,5027,339,1211.0,0
017081,Gussago,16692,1573,6558.4,5922
017082,Idro,1871,172,425.6,135050
017083,Incudine,344,21,24.8,978
017084,Irma,131,10,12.3,
017085,Iseo,8979,1137,3571.8,451188
017086,Isorella,4102,343,1463.6,
017087,Lavenone,506,51,329.6,870
017088,Leno,14410,1050,4672.6,12504
017089,Limone sul Garda,1103,230,1467.3,1235789
017090,Lodrino,1630,123,474.0,990
017091,Lograto,3834,293,1419.9,
017092,Lonato del Garda,17062,1663,7594.0,127145
017093,Longhena,563,42,280.0,
017094,Losine,622,33,39.2,
017095,Lozio,362,20,29.6,913
017096,Lumezzane,21637,1715,8226.7,
017097,Maclodio,1462,152,1068.2,
017098,Magasa,102,5,8.8,
017099,Mairano,3484,172,735.9,
017100,Malegno,1924,159,418.2,
017101,Malonno,2983,248,844.6,2524
017102,Manerba del Garda,5412,750,2038.5,812650
017103,Manerbio,13501,1153,5724.5,5211
017104,Marcheno,4183,318,1653.9,3147
017105,Marmentino,657,20,45.2,183
017106,Marone,3097,236,791.6,54790
017107,Mazzano,12707,1080,4249.6,17664
017108,Milzano,1712,132,448.2,
017109,Moniga del Garda,2650,312,800.6,610746
017110,Monno,521,43,79.0,5667
017111,Monte Isola,1587,137,303.4,24479
017112,Monticelli Brusati,4599,429,1543.0,6151
017113,Montichiari,26271,2255,10879.9,54745
017114,Montirone,5114,459,1824.2,
017115,Mura,768,44,263.8,
017116,Muscoline,2698,249,964.7,5162
017117,Nave,10567,777,2757.7,
017118,Niardo,1948,151,511.6,280
017119,Nuvolento,3947,377,1227.9,855
017120,Nuvolera,4750,355,969.4,
017121,Odolo,1907,167,1708.5,
017122,Offlaga,4124,242,721.3,
017123,Ome,3128,247,980.4,22727
017124,Ono San Pietro,961,58,121.6,2300
017125,Orzinuovi,12449,1157,6014.9,
017126,Orzivecchi,2501,178,470.7,30500
017127,Ospitaletto,14855,1011,4435.3,
017128,Ossimo,1437,86,136.5,120
017129,Padenghe sul Garda,4896,536,1376.7,306428
017130,Paderno Franciacorta,3677,303,1154.9,6821
017131,Paisco Loveno,166,3,4.0,746
017132,Paitone,2209,204,985.1,
017133,Palazzolo sull'Oglio,20403,1886,7391.3,13337
017134,Paratico,5019,515,2054.4,34126
017135,Paspardo,579,22,35.1,47
017136,Passirano,6833,689,3255.9,7319
017137,Pavone del Mella,2732,200,1256.4,
017138,San Paolo,4444,313,1038.2,
017139,Pertica Alta,558,27,36.4,967
017140,Pertica Bassa,553,23,32.0,617
017141,Pezzaze,1419,79,178.1,430
017142,Pian Camuno,4789,462,2401.0,1352
017143,Pisogne,7872,740,3045.8,54905
017144,Polaveno,2505,172,826.3,
017145,Polpenazze del Garda,2722,251,1173.8,25091
017146,Pompiano,3745,185,677.3,
017147,Poncarale,5200,445,1384.4,
017148,Ponte di Legno,1733,310,1137.2,377338
017149,Pontevico,7031,496,2580.6,18180
017150,Pontoglio,6967,487,1740.6,
017151,Pozzolengo,3598,299,1052.1,94935
017152,Pralboino,2827,208,961.4,
017153,Preseglie,1465,142,502.8,
017155,Prevalle,6941,531,2437.5,132
017156,Provaglio d'Iseo,7090,641,3005.5,9192
017157,Provaglio Val Sabbia,855,38,56.8,832
017158,Puegnago del Garda,3469,388,1180.3,39399
017159,Quinzano d'Oglio,6305,507,1724.0,
017160,Remedello,3437,216,1254.7,
017161,Rezzato,13540,1269,6023.8,36846
017162,Roccafranca,4933,328,985.5,
017163,Rodengo Saiano,9897,1032,5450.5,19221
017164,Roè Volciano,4318,435,1694.9,19449
017165,Roncadelle,9305,983,5571.3,1484
017166,Rovato,19649,1881,7898.6,10375
017167,Rudiano,5930,448,1533.4,
017168,Sabbio Chiese,4091,316,1149.8,625
017169,Sale Marasino,3228,291,990.1,21133
017170,Salò,10326,1487,4307.2,263009
017171,San Felice del Benaco,3433,375,1344.7,820700
017172,San Gervasio Bresciano,2665,137,565.0,
017173,San Zeno Naviglio,4721,552,2924.4,
017174,Sarezzo,13219,1061,5103.8,
017175,Saviore dell'Adamello,781,47,78.3,1646
017176,Sellero,1367,102,691.8,157
017177,Seniga,1438,92,444.2,
017178,Serle,3083,175,336.1,
017179,Sirmione,8368,1084,3915.3,1406590
017180,Soiano del Lago,1941,243,591.7,53726
017181,Sonico,1193,141,621.7,8905
017182,Sulzano,1961,174,301.1,30138
017183,Tavernole sul Mella,1214,128,374.2,953
017184,Temù,1148,162,409.8,69361
017185,Tignale,1145,174,405.8,419716
017186,Torbole Casaglia,6429,470,2834.4,
017187,Toscolano-Maderno,7651,675,1756.4,626780
017188,Travagliato,13944,1333,6143.7,4927
017189,Tremosine sul Garda,2094,225,511.0,356856
017190,Trenzano,5526,440,1190.6,760
017191,Treviso Bresciano,532,31,56.0,1305
017192,Urago d'Oglio,3789,243,586.4,
017193,Vallio Terme,1435,123,259.9,1229
017194,Valvestino,167,16,19.6,51
017195,Verolanuova,8118,674,3921.3,2568
017196,Verolavecchia,3866,262,839.4,
017197,Vestone,4147,390,2543.0,
017198,Vezza d'Oglio,1469,155,421.9,23757
017199,Villa Carcina,10728,766,3374.9,
017200,Villachiara,1355,62,171.6,
017201,Villanuova sul Clisi,5889,608,1859.2,11621
017202,Vione,619,59,101.2,6125
017203,Visano,1990,176,1322.1,
017204,Vobarno,8489,584,3269.3,7606
017205,Zone,1032,72,219.1,17032
017206,Piancogno,4783,386,1274.7,11315
